"path","kind","bytes","sha256","rightsGroup"
"Models/airPort/12x12/airport12-01.png","media","1704795","04dafb42c4ad5fb2a3c7b773b031044e6c8bfd589392f69af5ed94b17887b664","MODEL"
"Models/aircraft/UO-NE_fixed.png","media","61836","124b59f2e94b489b6f3ef343e63c39d848c84b676b5fc63a683452560a98227d","MODEL"
"Models/aircraft/UO-NW_fixed.png","media","62565","6424f76d0db812ef56a64222a6c29ad80374e7f6443b97d25f5ace339febed4d","MODEL"
"Models/aircraft/UO-SE_fixed.png","media","65248","289ea9ae06686a939fbaff06c70ea380834b05771702f1d271421eab8b5e6c9c","MODEL"
"Models/aircraft/UO-SW_fixed.png","media","64972","d0fe5fe60b0cca7e91eb0eef871d336d5532966275e8368c5a94ddb5b9b0978c","MODEL"
"Models/aircraft/cathy-NE_fixed.png","media","62342","4c27496f2489d1baee1db95b79a94f5dd84ea09b5faa59ea12112c5d169a1d04","MODEL"
"Models/aircraft/cathy-NW_fixed.png","media","62479","2fbdbc4c125710c892fc24e067191682afc81553a98adc7b4dec54b2f27d2be0","MODEL"
"Models/aircraft/cathy-SE_fixed.png","media","66578","6957b04a60afcb8beed822cb76cbe7827213c8cf6b5644c7f069beeb1fdcb2e7","MODEL"
"Models/aircraft/cathy-SW_fixed.png","media","66063","65f2a3a3af16c994635cfdf8d3a89bbbf001e379d99de10a5aeb4c7c4ad748c9","MODEL"
"Models/bareLand/car.PNG","media","238334","ce1d8bd145eca304f86b82569a8e97e1ceb4e037e81f74e673a65f44ae38d38f","MODEL"
"Models/bareLand/car2.PNG","media","245303","e2b398e7f98ca1835e837621a143b287cf0e6d145229c8d79ba85e087d791f7a","MODEL"
"Models/bareLand/container1.PNG","media","209454","285ac3088d20b06ebd7f6498087e3a71ab69ede10befc7be16692dbaf6482603","MODEL"
"Models/bareLand/container2.PNG","media","399441","2761348c547108ff69cbc33b937a10cdc7ca31d37f59f9c052bc6bb3ee5a3eb5","MODEL"
"Models/bareLand/container3.PNG","media","511948","7043709d78091137e227de66e8898f651e51119e1d6a9b81f74550f3a703b4dc","MODEL"
"Models/bareLand/container4.PNG","media","408572","8fda5e3fa075088d1f74b3796bde5ec3ac2925b83be671169862ba544f7c0493","MODEL"
"Models/bareLand/miniVan.PNG","media","258607","df19e0d5b0281e85421faa3344be3d6f3abd9878157a93a6be3cf26e36e83234","MODEL"
"Models/bareLand/truck.PNG","media","243831","7cc551c7664e90e14655397075072fff02484cb5350872800005f2d2de97885b","MODEL"
"Models/busDepot/busDepot3_LL_fixed.png","media","981800","4b61553d6dc235ad9fbed15f6281542e64f9b23253b7ee350cc5e92168d488ea","MODEL"
"Models/busDepot/busDepot3_LR_fixed.png","media","963992","82cfa44259764c106bab835cdd626cd5df6247cf675454fff38a70d7b2da0634","MODEL"
"Models/busDepot/busDepot3_UL_fixed.png","media","838576","848f9acc9dd56dfbb389016572d3032641ffbba1d23486ad2a6f70b4c62a82de","MODEL"
"Models/busDepot/busDepot3_UR_fixed.png","media","856798","ee526e3f86147a8ba2fa5da1b074d988e14b1c947532c309b74416fb4ad01983","MODEL"
"Models/busStop/busStop_LL.png","media","153228","215fcc19221dea21bf09ffe7f775b089c8f51a8802d6297d47ba106294a67d75","MODEL"
"Models/busStop/busStop_LR.png","media","153981","1d432fcc6bb9000bec35496f37e22aa5de386fa3c73004afcd407d840c2b0a7a","MODEL"
"Models/busStop/busStop_UL.png","media","162091","a057198d853de20bb5cf661470d9b484ac9bcfce79c8f52b9fb2a8a87095c202","MODEL"
"Models/busStop/busStop_UR.png","media","161352","c7d93ed8ea2b952a3ece839a7a1d34de40262b7a27ac99c1dc4a0e6115788e3c","MODEL"
"Models/commercial/1x1/commercialBuilding1-01-L.png","media","1938052","5cd7c0a16132e288f47dff6ca4877a098d4de249bc60ade55c65d3cfc92513cd","MODEL"
"Models/commercial/1x1/commercialBuilding1-02-M.png","media","996159","dadbbbab80b59af86e1c9f977a341dc951ecea5532a05075bc635d3a726db496","MODEL"
"Models/commercial/1x1/commercialBuilding1-03-L.png","media","1348348","c7526679d7e74829e0858edaa153cf24fa31e1e7db6818d26512c84c452ab229","MODEL"
"Models/commercial/1x1/commercialBuilding1-04-M.png","media","872325","1e9e6c4b02285aa84628a0f870bdfdbbe6e382689d39bb0dc20d09d71ee17f39","MODEL"
"Models/commercial/1x1/commercialBuilding1-05-L.png","media","1413172","88b974946b67672dec06a01160c5ddee4202185ca430322148237ebc4555c0be","MODEL"
"Models/commercial/2x2/commercialBuilding2-02-H.png","media","1014254","f2f2e1503f921e76be3fb9b1c66f5b655285884f823de155abcd011bf18f5c71","MODEL"
"Models/commercial/2x2/commercialBuilding2-03-M.png","media","1378718","58bc1499d1b9869d7a0f99d19117cf44f8609cd4e3d0b331a7ae6c08a874c2bb","MODEL"
"Models/commercial/2x2/commercialBuilding2-04-M.png","media","1156098","0d0b811c5c7e4b6e8f68ef32739479cc2f32e6ffc51776615dbd67e8379fe9cb","MODEL"
"Models/commercial/2x2/commercialBuilding2-05-L.png","media","1339778","600bfdecf7ed83ac3fb0da0b978d01302d82fe4fc80fdc4dc6e63fe220ca2d22","MODEL"
"Models/commercial/2x2/commercialBuilding2-06-L.png","media","1516496","fd9d27fd08479529197f3b1c92894659fefef53ebd8054e90aebcedd3eed777d","MODEL"
"Models/commercial/3x3/commercialBuilding3-01-H.png","media","1511471","2efcdad94b36cb8b10c3b93a7ef07757b813994ebe62ef7b75fd23ec391c71c4","MODEL"
"Models/commercial/3x3/commercialBuilding3-03-M.png","media","1248517","ae68a4751abf601ee57826d7215e096d8e2dc813dc2e732a0600b5dcb3ccc663","MODEL"
"Models/commercial/3x3/commercialBuilding3-04-H.png","media","1489916","ba63929eb6d8a8ca75158733a23d6ebd9b315fbf8e5c9bef707951c9c15b417e","MODEL"
"Models/commercial/3x3/commercialBuilding3-05-UH.png","media","1683789","2c84b038594fe3e49733886cfab3b192929f12ecb46c233ced8527b1253fa8ac","MODEL"
"Models/commercial/3x3/commercialBuilding3-07-M.png","media","1471965","9fd70533dca2024ce179ea5404066f635d2c4f0914ca569c7d7d93c7a6e7fbc4","MODEL"
"Models/commercial/3x3/commercialBuilding3-08-H.png","media","1548017","8a4f3718328635d621dbff452f8997f6098e817313c1a645b037d14dfe3e54a3","MODEL"
"Models/commercial/3x3/commercialBuilding3-09-M.png","media","1220675","8d22ef516bda4c996c83745a23540c9ebf95723833f579adcf69cd7961115085","MODEL"
"Models/commercial/3x3/commercialBuilding3-10-M.png","media","1417683","43018ee539209cd3430ae443ae40fa221664319e011d3720f6d6fb328636d84b","MODEL"
"Models/commercial/3x3/commercialBuilding3-11-H.png","media","1720994","fc0f7192104bdfcf70cb6f4aa1f7262260cb7523839a4a20c61d86ef940a365d","MODEL"
"Models/commercial/3x3/commercialBuilding3-12-M.png","media","1133798","df4ce80489cf9683fee09285afc7b5a22ea7596ebd806771b3fec04eca5495d7","MODEL"
"Models/commercial/3x3/commercialBuilding3-13-H.png","media","1081585","70bf830df3f5e6633a9a9105b61a2edfe1d63b2c5f2049593dc49d4d94d43844","MODEL"
"Models/commercial/4x4/commercialBuilding4-01-H.png","media","1114248","34a5ba433d8a61d3b8ffe6325e74a707c97b60e7dbeea50d88040fa2e7865d62","MODEL"
"Models/commercial/4x4/commercialBuilding4-02-H.png","media","1220921","8579bf154cefad964d5ad24ca6486734c77c2d25ba2ed8e943aea25a1fae0c86","MODEL"
"Models/commercial/4x4/commercialBuilding4-03-L.png","media","1284209","d4c7deb8f284d88766381338a3c316c7b507e814946c88ffff64f1db324b1dd6","MODEL"
"Models/commercial/4x4/commercialBuilding4-04-L.png","media","1264254","ff1b9bb84b7b46503501a72af54c561a382f75b9f4ea72fe87659050afe9a486","MODEL"
"Models/commercial/5x5/commercialBuilding5-01-UH.png","media","1009642","de63eb54ef5483d179672f2682e3b1bb9d08be872f3c6b3a645a6b88e1b7bc04","MODEL"
"Models/containerPort/4x4/containerPort4-LL.png","media","1165648","3ef8a2bb80cb8f23f3a51dd772390f94ed246949c686bd0b1123a9250952f058","MODEL"
"Models/containerPort/4x4/containerPort4-LR.png","media","1168877","b661e7a14b8218680f580dd83a4321d06debb898897f33b62cd3b802a5c5d68d","MODEL"
"Models/containerPort/4x4/containerPort4-UL.png","media","1405819","1cc8024b7839e69b445aac645f3ed072a0aba59c5881575767a359ed930ee3bc","MODEL"
"Models/containerPort/4x4/containerPort4-UR.png","media","1402223","6910f2088f0ff441b8ebda4ebfaf7b21182dd33bc2eb8c7d007606a760007c76","MODEL"
"Models/government/2x2/fireStation2-01.png","media","1305205","6df2bb5a3d3ce547ed75758a11c809a3a426d52e17b49252a1018043d24db365","MODEL"
"Models/government/2x2/firestation2-02.png","media","1344510","66fd9b927497d799bbf184b06aab539b269c47c82c8fd6be69f9d8a3ec0b9d05","MODEL"
"Models/government/2x2/legislativeCouncil2-01.png","media","1227860","f28027e091b461da898380ec7f0cdd4c7438f0c19e0531c3403e1afc8a78bec2","MODEL"
"Models/government/2x2/legislativeCouncil2-02.png","media","840071","cc825945de8df74847a36544dfd475686e63b86a54d610b93f8c0c8def22987e","MODEL"
"Models/government/2x2/library2-01.png","media","1008563","7f3e3050eae48616f2bd5eba565fb4764c8c5bd841a2552e808b060dc74c7d62","MODEL"
"Models/government/2x2/policeStation2-01.png","media","1199936","e8e6729298e43589d1f97197c6bf920796219c5e1dd799a65f7c6a85c216a412","MODEL"
"Models/government/2x2/policeStation2-02.png","media","1078787","d828dd1a0d4b88518a0bc914177328fa37138b0f0264f7f6b0e903373fb3bde5","MODEL"
"Models/government/2x2/primarySchool2-01.png","media","1329066","2ad8cb9c4bcb1b5f735a2bb480b6795e7c5b8e9d421724913cc3942078fe9fa6","MODEL"
"Models/government/2x2/secondarySchool2-01.png","media","1262731","61d945b51bec243e67047007604a653d5b28057c0827f0e33ce2044ff44d5ba7","MODEL"
"Models/government/2x2/secondarySchool2-02.png","media","1303151","3cfcfb4208e94694f1a804693a8ece3a86946bc3cd06083a2223dffb8611cf6e","MODEL"
"Models/government/3x3/college3-01.png","media","477124","f05f72ae781a9b289907e9d45b1497fb2b6dd1a14db5c0618f0ffbb114df73ee","MODEL"
"Models/government/3x3/college3-02.png","media","462524","c9b5a109ea86683f51258f49f81c20025232f3d763f0937a993d4920a2e7af43","MODEL"
"Models/government/3x3/college3-03.png","media","522592","869e566f67b3dc381403378d6b1a0f50cc9d28e33f3ab605d7dd1a8c2cd5cd2c","MODEL"
"Models/government/3x3/college3-04.png","media","1050689","cafbc4b9420cddc03c9c10ada4b7a09f11460fdfcdb1bc5492e9bcb0103d27c3","MODEL"
"Models/government/4x4/hospital4.png","media","1377907","0867f5a123d2a6e4333014a92ac8c10c3dcd4e6107d7cea8ea4f7a700956bc0c","MODEL"
"Models/government/4x4/stockExchange4-01.png","media","1283701","877bf9ab4f037ef2b603b23e81ba2bac3f1fd67d14b4ae3629e207a5064214c3","MODEL"
"Models/government/4x4/university4-01.png","media","1445396","fd909cbbcca04db9a9ef593473caf71c39a117eaaf2845827b08f7355b6e99cd","MODEL"
"Models/government/4x4/university4-02.png","media","1247351","bd8b0e766ea8c645dd791ce645bce2d05bbcef65340d10e7ab414eeccbf9af3b","MODEL"
"Models/industrial/1x1/industrialBuilding1-01.png","media","1492502","32581a8964e422b8d5583c44e9157f28bc9bb0e50ebd9180b3ee618736bab6b2","MODEL"
"Models/industrial/1x1/industrialBuilding1-02.png","media","1310781","4b8bddfad4eb8d99fe21eac7ae1d9a146ab05b4da252f29eb0a25a9cce5421e2","MODEL"
"Models/industrial/2x2/industrialBuilding2-01.png","media","1542395","bd4c258773c74d975ea7a4ae8870bc9b2edefac03b9545c4969921450b1fd2a8","MODEL"
"Models/industrial/2x2/industrialBuilding2-02.png","media","1573421","3a7cb249bf576c5f2fa0bcc40e4820ddedd5f6178b5755d5a6d84bc53ec5f4c2","MODEL"
"Models/industrial/2x2/industrialBuilding2-03.png","media","1490275","3e9ef34550434e4e139b880a8d1117dd1ba8cc404016db5d564c16fdf6cb410d","MODEL"
"Models/industrial/2x2/industrialBuilding2-04.png","media","1644025","fb668a0c35b59a990c40444206ba39fd38f5b3edd3a235dfdc6c129be7f10f2d","MODEL"
"Models/industrial/2x2/industrialBuilding2-05.png","media","1576572","7dced9e59eda5ddf77685373e25352c2a1aa561d825930d141c50c94f64e9437","MODEL"
"Models/industrial/2x2/industrialBuilding2-06.png","media","1295813","66fa33e717ce6143f9a031d33514c834fa3985b82ae27674f3f2f244bda88e52","MODEL"
"Models/industrial/2x2/industrialBuilding2-07.png","media","1239992","deac8bca6b3639d69cadb1f4d85807bd26a9d8bba1c35f26e582c96e5f21b7dc","MODEL"
"Models/industrial/2x2/sciencePark2-01.png","media","1199315","71aff7d8527d7f9df3923b76cb1b4331ca97076661aac7d37cae0eaa0dc5c32d","MODEL"
"Models/industrial/2x2/sciencePark2-02.png","media","1406569","f0735999b503840fc46b9794fc3623d6c80c82becdd53c888ba4bd426dc833ec","MODEL"
"Models/industrial/2x2/sciencePark2-04.png","media","1337711","10035ab4c801636e6753c1fe84f3b47d633086d1bb6c01ce58affcfe840e9633","MODEL"
"Models/industrial/2x2/sicencePark2-03.png","media","896774","91695061eba017b11c82404b6ca0f4b5e5d00624c78e86f33e5bda25f382a989","MODEL"
"Models/industrial/3x3/industrialBuilding3-01.png","media","1375798","1e675125fd3165f56089b818a35b8e6aa257b4c50926baf001ee4fd0491e721e","MODEL"
"Models/industrial/3x3/industrialBuilding3-02.png","media","943585","341035aed6a0f011d196cfe24c0eba6a76973e8e209d93ccc711d843f813180f","MODEL"
"Models/industrial/3x3/sciencePark3-01.png","media","1135575","0352dc9ef23ce0e8ceeedbbf85981387954a3b0fb86abd4d8fe0d197b79e1308","MODEL"
"Models/industrial/3x3/sciencePark3-02.png","media","1208257","2c33a07da7da7eb80646841818314b56b6f83c3188365f544b4f9dd40989499c","MODEL"
"Models/landscape/natural/beach.png","media","158721","b0dae09fe0105356417ee53f95f71abffdb0f334c514d1a88e8b0bbb3c7cc234","NATURAL"
"Models/landscape/natural/beachCornerES.png","media","130955","ccb4dd22ebfd663615698be132ec1241d6f9c5e376032879b1e09f526f50bb39","NATURAL"
"Models/landscape/natural/beachCornerNE.png","media","134753","2488b9ae1bebc11b494ae73eb6d78d9de3c2fe831605798457973c600ae7a74b","NATURAL"
"Models/landscape/natural/beachCornerNW.png","media","130778","8f4d4c2f339b201d35adf6e95ee795d5825eb5c017efa60f70e621e526b98b97","NATURAL"
"Models/landscape/natural/beachCornerSW.png","media","129625","a9a3b0aa7b5fea79279d585f9eabc8e2c3d3c86192697e470733faa8792f3a50","NATURAL"
"Models/landscape/natural/beachE.png","media","146655","50b1764f93dc1b3f6925112fc65b24afa1547b7d62487083be9c6b1838f18be9","NATURAL"
"Models/landscape/natural/beachES.png","media","157608","f00235771a7abaf609ede4f02fd138a9b4169317f9bef101986a8bee15dc8422","NATURAL"
"Models/landscape/natural/beachN.png","media","147155","21ce422af449c11384bf2752d916ca5eafb53e6da9ef60ba514ac8e5c76845b8","NATURAL"
"Models/landscape/natural/beachNE.png","media","144873","c94f7fc3a900c5826825b38527ce4aed21b1c15d168911b6674afef50c7a14a6","NATURAL"
"Models/landscape/natural/beachNW.png","media","157419","f1f31d84ea006b7999bd9ed29e35a0122f6332dfd01d17c9bff5a75ef23ca712","NATURAL"
"Models/landscape/natural/beachS.png","media","133675","4caf2e8b8624408a6924d63dd31a7a04aed8ea9f77ceaf371c7ad8275da18469","NATURAL"
"Models/landscape/natural/beachSW.png","media","161151","714670fa6aa34786e932019c37f6392c2bfab68f6cfddf671aaf270f27eb29e0","NATURAL"
"Models/landscape/natural/beachW.png","media","132714","250bf0dad52cc0ea203fa647efe92ce37fd324fbbdfb65419038c6a9cb984220","NATURAL"
"Models/landscape/natural/bridgeEW.png","media","151279","1e2edfbf992c780a06153cb66ee5744fd69cd57fc43d950c72e3493dc72d0916","NATURAL"
"Models/landscape/natural/bridgeNS.png","media","150165","4b080164cbe559978b1f6c2b6ba336a78719c3d13b92a2d576710a1e6af30275","NATURAL"
"Models/landscape/natural/coniferAltShort.png","media","10047","50bf8a314ac3b133294273200add281c75ee61ac398db280ad00f83e814cdb52","NATURAL"
"Models/landscape/natural/coniferAltTall.png","media","30039","a44f765bf3fa739a019a9a32dc321061dfa172548171534680e93051ca85c29d","NATURAL"
"Models/landscape/natural/coniferShort.png","media","9838","1e057211ba372d316b3428f6ce119d7113fde8e8a19156eba964e1d7fcce4a23","NATURAL"
"Models/landscape/natural/coniferTall.png","media","15437","5227e070b1d213eafd1dc926bfe3175e22d1bdb2ecac29e19b7b4e68401728f2","NATURAL"
"Models/landscape/natural/crossroad.png","media","179910","6c46ff12ba0dc4f39ccf90c73e0251f243bc846b1e94aeaa4f9e1d5fb97244f7","NATURAL"
"Models/landscape/natural/crossroadESW.png","media","176461","fca0673bc6a3faa0feff316cca69988c470c391f56c1820d6cddc533352c361b","NATURAL"
"Models/landscape/natural/crossroadNES.png","media","177090","688ea7557943bf584aa9953eabc0317092a7fa3dc3b945fb10fbda27bcfdd8af","NATURAL"
"Models/landscape/natural/crossroadNEW.png","media","177809","6e3fb89fcbe1446a2423b61212dcee326cd47b6dde1c84236e2686b6f99c4c4c","NATURAL"
"Models/landscape/natural/crossroadNSW.png","media","175819","422fd5782dbdd49ed48a6646fbb8b88f704e287464cbac6120a0e4c72dee46aa","NATURAL"
"Models/landscape/natural/dirt.png","media","163361","622239ff04b1ef3f6508709e71162a3083fc2a960397b44f0aac494483b7566f","NATURAL"
"Models/landscape/natural/dirtDouble.png","media","196731","e7ac4b783832387a07a2e4a08c00d6f56c255ce720f72a6045de3f4c6ab45e7b","NATURAL"
"Models/landscape/natural/endE.png","media","171097","c5c472ca14d1ea263039a3f42f36a3f8ac56ec705f9cb74f8ea4716405ce9cf0","NATURAL"
"Models/landscape/natural/endN.png","media","170268","4bba34de63fd1fd19e04c36c846774c0120fb575e00de2562d49f542f54058d5","NATURAL"
"Models/landscape/natural/endS.png","media","169336","610d84e4883d605153f6095eb6156079bac3f357731c467f038d484932e2d98a","NATURAL"
"Models/landscape/natural/endW.png","media","170066","d0b38577ec66662bbc5bc499bf91f1936b5bb9f5966ed2530679f13ca5a6b56e","NATURAL"
"Models/landscape/natural/exitE.png","media","189296","703e5b1302d632df9a9d9e8a13387ff46e418731b682bbf22cd5fb94e230ef3e","NATURAL"
"Models/landscape/natural/exitN.png","media","189201","213b644ac2d40de6d3d0132b159c70e54d3c01cc212fa623f8e704b6947650fc","NATURAL"
"Models/landscape/natural/exitS.png","media","187100","de540686688642eabc2d3473079ad22a35711c3362f1c942c0e1d2c414fe97c7","NATURAL"
"Models/landscape/natural/exitW.png","media","187002","6f81d41d4ef4f2745b57bcb87a1fe899f0cbac1bd74cca90ee483fad6e63e4ae","NATURAL"
"Models/landscape/natural/grass.png","media","185269","1501a0ff64704fb885a179c3b6cce790e9d83786e297878c302199136dca04d6","NATURAL"
"Models/landscape/natural/grassWhole.png","media","181898","6588e02324b2d40c3e4fc372ef5d9debe3e970019a7f072f40a0142f7355e8c9","NATURAL"
"Models/landscape/natural/hillE.png","media","198685","5fa03f9b29aea87a05a107641aa0d0309d36e2aa2a0566c584e693a900dab216","NATURAL"
"Models/landscape/natural/hillES.png","media","199301","f359fa7a8bc3ec8ad33a0c7eba2cff85898828e8d929e05ae2563e1c79e18d6e","NATURAL"
"Models/landscape/natural/hillN.png","media","199488","80ad02124fa249d97203d5b74096dbb0108c0e551968b5a0c03771f0f4ba9c84","NATURAL"
"Models/landscape/natural/hillNE.png","media","183872","5fcab9337a3771fa266696accf09701f681ba835a830da7495ed84fd61cd46b2","NATURAL"
"Models/landscape/natural/hillNW.png","media","199656","73f1aaaa45a55b4b32da39b80dad9ccf83828561f67423934a46655b03b791ef","NATURAL"
"Models/landscape/natural/hillS.png","media","232982","bfa2c8aff67234034ab6d0621aa10610fd2154ddcfff26b88ca8a94b94970730","NATURAL"
"Models/landscape/natural/hillSW.png","media","217884","b18d023b36716acd43a0e96acf5c6b4fd0ba100212417b9d5fe2a638fef4e584","NATURAL"
"Models/landscape/natural/hillW.png","media","231698","ea7dae2fdc6353ef57c52dbaa33355cf4df718a417b126b4dbd5f784eeef2e76","NATURAL"
"Models/landscape/natural/lotE.png","media","185228","795cee2eb2ac79cd537509f51791332bfd90b733f0b9aca039a63531b049322f","NATURAL"
"Models/landscape/natural/lotES.png","media","177833","4d16b3d28e4f186fb967ed61d3573c515f64c9cc0eb57ebeef049317d2e57089","NATURAL"
"Models/landscape/natural/lotN.png","media","185711","b371ef6a97a16b5202a7c7d5b0691c125420ec858100c80c2a92b97313d0196d","NATURAL"
"Models/landscape/natural/lotNE.png","media","177457","d78a1f6965231eb19fb78ef8b79222e11f52cd3eeeddfb070c687e255a155375","NATURAL"
"Models/landscape/natural/lotNW.png","media","177686","eb6e573b759c1cc2f66d21eaee6076e79a37e457125ad82c7ed757270c247240","NATURAL"
"Models/landscape/natural/lotS.png","media","184587","94a61a9b7f17cbf2a32cf6e95cdb07a60c5c19da94dc324dcca0bfa073feafbf","NATURAL"
"Models/landscape/natural/lotSW.png","media","177253","049aa217669bba429ae5a817c1f348987dff9193a3e50823067c5e5c3a084c8e","NATURAL"
"Models/landscape/natural/lotW.png","media","183792","f31d81298cdcb3a5b8502af7a239d37d4bd7fc55562c921a435fe1470ef7175a","NATURAL"
"Models/landscape/natural/manifest.json","data","43647","54437fba8572f77c6518fc8ad649bc0c2483bf42303d09e6bd65c4effc2b150b","NATURAL"
"Models/landscape/natural/riverBankedES.png","media","156557","7e8b8f68febcb25b97a3800ab4e099990ad114bcdd5bc1ed84480fef5452321e","NATURAL"
"Models/landscape/natural/riverBankedEW.png","media","149880","d72f5720bb1b5d097d37044524578d1fe73f71d89d108b2bcf96add7dc19d564","NATURAL"
"Models/landscape/natural/riverBankedNE.png","media","153159","4213a7746ea3c53246d4e513eecbb045cdd4e27a1785ace866a06abdc5351755","NATURAL"
"Models/landscape/natural/riverBankedNS.png","media","149077","773bcf808705b9a5389a4eb64ecc6cf75b355551b3fc2f366ee5141c2236f269","NATURAL"
"Models/landscape/natural/riverBankedNW.png","media","156513","3fb1f969ac059335eeba90cfb54cc905e65652237c7088c143f2ac7d52f809ca","NATURAL"
"Models/landscape/natural/riverBankedSW.png","media","148436","063b5205a14771e9db86df3b279b41e2a32839bbada6ebf86097f14e99bb5f3b","NATURAL"
"Models/landscape/natural/riverES.png","media","172600","3c67041526e0aac4291eebca013f8e4643e3cd1cc67eeea0ba0ef2c06ef985ec","NATURAL"
"Models/landscape/natural/riverEW.png","media","172734","33094b5468b8981354b69694e220edd19b8a28b538d01b6e7473a5106cbeec63","NATURAL"
"Models/landscape/natural/riverNE.png","media","169588","c6c031432453d485f38519d2e6066d1eab9447732029c565a27d8b5e7f85f21c","NATURAL"
"Models/landscape/natural/riverNS.png","media","172540","b2e723bc618a81221dc6f28e1a0b32aa792deeed0d044e29ad529951c7177e1c","NATURAL"
"Models/landscape/natural/riverNW.png","media","172511","af6bc60d0fa6acc10ccf650b079e2d3a0df1d652b291f1ab654f7125fd1cb77a","NATURAL"
"Models/landscape/natural/riverSW.png","media","177423","2a8c4b113db28f4a4f1ed598b26e344c2352e0c9adca5a99b307a78d39f42b39","NATURAL"
"Models/landscape/natural/road.png","media","195730","2d09683ef8c2514527bc9db4f68b0aa1fff49b77f549d974760289897a2cc3c9","NATURAL"
"Models/landscape/natural/roadES.png","media","178194","48e6710d2d33bb8c474cefbce35b97eb67a406b1f5252fe5385a5caef7abb669","NATURAL"
"Models/landscape/natural/roadEW.png","media","174354","13b084a80c32adf908d3742f6b081234490bc59880d67927faabd99d17c802b4","NATURAL"
"Models/landscape/natural/roadHill2E.png","media","173074","91a3c3ba1c291037bcf059efe47df91fdbbdb7c777e147039effa7313bbf4a5f","NATURAL"
"Models/landscape/natural/roadHill2N.png","media","172760","ebe5971e1e3fdfc4b0e0a38c9dd0c311a7268542d032dfff8445268f816b7b26","NATURAL"
"Models/landscape/natural/roadHill2S.png","media","189064","970f6cabc92bb9b5fff63a8b672212523e9067ef07b24eee65575e20eeeae21a","NATURAL"
"Models/landscape/natural/roadHill2W.png","media","191469","6a34408404a3321cbb7265183ecf0646ebbf2639aa403587c5f50f11c4892de0","NATURAL"
"Models/landscape/natural/roadHillE.png","media","190489","61faac7986c9488a2cbbd43f8b0288dcc35970f3f452b3802156a8484ca76cfe","NATURAL"
"Models/landscape/natural/roadHillN.png","media","190229","669a878d49f2508e893c6a73060ea249c844af66efeb92565878737580342af0","NATURAL"
"Models/landscape/natural/roadHillS.png","media","214547","b8ce225325abde4b5d94e7b575b0e58a043d8a8da1a0ee1850678f019acb94c5","NATURAL"
"Models/landscape/natural/roadHillW.png","media","217115","9ae85df94e04207f19a1b9aac46a95b6eea262fad4de1e2eb33704667e855856","NATURAL"
"Models/landscape/natural/roadNE.png","media","176230","c17017ba2069f6198f3d0cf4a91b0bf539fe5790d317d40d4b635e915670e7b5","NATURAL"
"Models/landscape/natural/roadNS.png","media","173002","2766abe076904528c5ad6442ce363396fb9e07a064cc6dc591128cb7552bfbe5","NATURAL"
"Models/landscape/natural/roadNW.png","media","178274","626dc7f5f89b92ca17ec5d55e1074a0fc8df20182d12ccf1d938d8350775aa16","NATURAL"
"Models/landscape/natural/roadSW.png","media","173350","af8e952ff10d2c02b7069326a8a3c5b56e634b834570284dadd3dec0a9771aab","NATURAL"
"Models/landscape/natural/treeAltShort.png","media","7297","0e026a8b20fa32e46b9d0e16859d71a8794c862b90af20b3694b366b097b5ddb","NATURAL"
"Models/landscape/natural/treeAltTall.png","media","8976","801fbfc840a62a6b203002adcedb288f708d79258c04cfb15824f51b6659d644","NATURAL"
"Models/landscape/natural/treeShort.png","media","7117","8ba22dfd360f23f5a00ff20dcfe1c07e960eb29f73b788ac86f04099ca7d5da2","NATURAL"
"Models/landscape/natural/treeTall.png","media","9184","bf46eb99b5e7f8cfdce541cfd20f4161f045318e08b034fb2de10dc0f18878d6","NATURAL"
"Models/landscape/natural/water.png","media","129362","6be8bffac94675a2f7e32165632a7e7877cb8b69b37064ed57d64e24b5b33fd0","NATURAL"
"Models/landscape/natural/waterCornerES.png","media","136813","9738378715c6f66c38ffc86a83155eb063bfaf20b361b2d2ca247c2c2d23e17e","NATURAL"
"Models/landscape/natural/waterCornerNE.png","media","140046","d52bda4ff656bd82b305509c2eb63328bf144a7198401442a68496e04b9261b3","NATURAL"
"Models/landscape/natural/waterCornerNW.png","media","136698","cb1ed18687c93ba878f52d1e18611f35b795510c4c20246712f580bdb3e3b344","NATURAL"
"Models/landscape/natural/waterCornerSW.png","media","132679","07eda2a559df613119b253761214723ca084c859a517f6ad1de86e448fc5afb3","NATURAL"
"Models/landscape/natural/waterE.png","media","156776","dc8de90eb53e475e33e274110f41e86cd6d9380007c5ead63956796c88cc12e9","NATURAL"
"Models/landscape/natural/waterES.png","media","165531","a5fa7f38cf0ebd75a65c15c8b5572024b24f9e4d3da927811acef5cb9e8aeba9","NATURAL"
"Models/landscape/natural/waterN.png","media","157052","7000e03e461b1ec8bfa85f8397ec8ad404f9462cecee08dad179f485890120e4","NATURAL"
"Models/landscape/natural/waterNE.png","media","173713","2b71fbdca4357d005b12616b8788b8576fd25786febbf2b098bc0740d94041a0","NATURAL"
"Models/landscape/natural/waterNW.png","media","165765","f9d100815fb12ccfa813621164ae78f2a8b7c00c45ccf0710467aab5e247fd5c","NATURAL"
"Models/landscape/natural/waterS.png","media","145926","5b9eeacdc03ca19cdb86000be6b88e1dacb26ef2a77a727f44d0cf32736bc729","NATURAL"
"Models/landscape/natural/waterSW.png","media","158475","be2bab50b359ef3d161970c16145975a1805ace649ec40a11b28e80a457b9d8d","NATURAL"
"Models/landscape/natural/waterW.png","media","145600","f6dcb11242588d49cda97cd5fcd5a2627a38f1fb44d2a9b211e5ff033aaaca62","NATURAL"
"Models/parks/park1x1/park1-01.png","media","611446","bcaab628b74303ffa7b7b90de63f1cd6935d4f77d0458186e0e2cdf1f68c3e1a","MODEL"
"Models/parks/park1x1/park1-02.png","media","922002","8da1873c73eea2a65e943b0b0bc7a2945eaf1d7f8b4283959cf2a15cb86e9b95","MODEL"
"Models/parks/park1x1/park1-03.png","media","665006","80ae8d1973471dcdf604c1a5c37830b3b56bf5bdc6a5826dbd3d12ddcb7c9fc1","MODEL"
"Models/parks/park1x1/park1-04.png","media","1094018","a8119f9c473f0be1f165f5fb30178f1eaaecf78082e7c8370fe8bee0a389a39d","MODEL"
"Models/parks/park2x2/park2-02.png","media","779969","4d6208eea6ea86f4f6b98219dbad4638d98d73bc5e20ce52acc9c2e782785eae","MODEL"
"Models/parks/park2x2/park2-03-highScore.png","media","957537","a1b63abbcaabeaaac61ea08fb6dd6b689d2431f42cf9bd59d410ad94fd90cd1e","MODEL"
"Models/parks/park2x2/sportField3-02.png","media","1249020","4bb2a2b3643668073ce1275731003bcd689be58961dba2f1c835bdf1293b06c8","MODEL"
"Models/parks/park3x3/park3-01.png","media","773907","7022ceb49177a98701437fc4bacaf6b4038187d86bd7364699c1c44ec6084683","MODEL"
"Models/parks/park3x3/sportField3-01.png","media","1199528","648d3259e12191278aa22cab1391d98a66a46dddcdc86273d916a3e627eeb1ca","MODEL"
"Models/parks/park3x3/swimmingPool3-01.png","media","853776","8f78b9532949e3e04d0e62b28e162f130f912e0857618fedb1539efa67f89c5e","MODEL"
"Models/parks/park4x4/victoriaPark4-01.png","media","882433","b1fceb40d6e6af978b64a95c459d6069a22fc538ec96199a69bf525bb8cc5aae","MODEL"
"Models/powerStation/coalPowerPlant.png","media","626766","4e3f6fbbe08aa9d6f25336bcdca8fd5488aab1fe57c2887f82d9351ccb0a6043","MODEL"
"Models/powerStation/nuclearPower4x4.png","media","1165129","8de6b7ca199e4db9607fbcdcbe33e91e469e57dbb8593b2173326d453c7ce58d","MODEL"
"Models/powerStation/solarPowerPlant.png","media","692393","908d038c9fa2a0f11752558a4ddddb5d22d1be0fc5fbcbdbc1d6b6dbe8d10815","MODEL"
"Models/residential/house1x1/house1-01-L-LD.png","media","902534","20e6a2152a68abf216b4bff1b3156b4f4d038b4e4c627688b08bdd4706684128","MODEL"
"Models/residential/house1x1/house1-02-L-LD.png","media","1222617","d0be4c561f3ca634372b88217bd9b963b06b74978d16bd17d898bbc8a0d5a185","MODEL"
"Models/residential/house1x1/house1-03-L-LD.png","media","819902","722b84e1b7fd628a3367d0043622d7565d61db7bb92bee85791895fec04c0512","MODEL"
"Models/residential/house1x1/house1-05-H-LD.png","media","1539548","fba7aaaa33bdc10f1878f986909b2ac411136f340844631bd4163a5471f8ce57","MODEL"
"Models/residential/house1x1/house1-06-H-LD.png","media","1198730","493521e48950df0f7b6d77bfc2fca497aaf51f9467c72c254e50de464732795e","MODEL"
"Models/residential/house2x2/residential2-01-M-HD.png","media","1005311","8507fc079b763c8d4a098d79aad6f6832e83cb494cafcc03ea8f594696f8f667","MODEL"
"Models/residential/house2x2/residential2-02-M-HD.png","media","1091412","0831e6be7d54dc82aa854a4610e6fd9da28f9486f0f17f5de8368fe678dc7bf1","MODEL"
"Models/residential/house2x2/residential2-03-UH-LD.png","media","1265669","2789242b64302820f6b2b02123c68679f6630069a90852f22ea2097bd85636f2","MODEL"
"Models/residential/house2x2/residential2-04-L-MD.png","media","1659371","cc243a63f80397b168c9cf72fd26b9fb99612a929e8ba58a447c5ba88d882bdd","MODEL"
"Models/residential/house2x2/residential2-05-L-MD.png","media","1538015","e4b0aaf7703045bbbaa7674bf45cab3a7dcf9d5cd85c483194063103ff451685","MODEL"
"Models/residential/house2x2/residential2-06-M-MD.png","media","1544402","76dabde0ed67e150c1e0fea6e67a7df5c9d2c96adef32078da1576641b3f8977","MODEL"
"Models/residential/house2x2/residential2-07-M-MD.png","media","1369754","9c7c2c520ec4bbb2500d1cc6e03d5c0231ea007201977e2155fb74e22757f7e5","MODEL"
"Models/residential/house2x2/residential2-09-UH-MD.png","media","1801123","15fd7bf6d850e4fd3d7a88b5f6427017b242b5e02d85d5831bf75f596c7fe2cd","MODEL"
"Models/residential/house2x2/residential2-10-H-MD.png","media","1121132","e5a4c24a47b68f6d48a78dd5e8d6de477f7c1d6e1f6a69f9ec9953b32eabfbc7","MODEL"
"Models/residential/house2x2/residential2-11-H-MD.png","media","1475315","8b123a68fdbf86c5fdb28ed4f6f2a180d4ade34b3d99434d328656598847e358","MODEL"
"Models/residential/house2x2/residential2-12-UH-LD.png","media","1013259","7de190c577dbf0af90b699729f0e3e44640d75201806a83499fc49d8feaefa60","MODEL"
"Models/residential/house2x2/residential2-13-UH-LD.png","media","1449604","6d5ec5d9beeba657930b8aac6a5348f92b9cc7ef22cd215fcee187327af67ecd","MODEL"
"Models/residential/house2x2/residential2-14-UH-LD.png","media","1139719","5dc8829854062562327954e155d08172d0c5ec94b654565f2d8b6d6f8e30e105","MODEL"
"Models/residential/house2x2/residential2-15-H-HD.png","media","1204578","ed8202e53f6075e45bac1aa45031bb8193c05de19444be052126ed47e8e74136","MODEL"
"Models/residential/house2x2/residential2-16-H-HD.png","media","1110422","422a483e2a164d332154caa44fe60828e51735397a6680d13890aa4b6dbb8ac5","MODEL"
"Models/residential/house2x2/residential2-17-H-HD.png","media","1007376","f5234c506a095bb5ae2fdc46d35c59f163a5f311c532db1ae4abfa6f65015704","MODEL"
"Models/residential/house2x2/residential2-18-H-HD.png","media","1081914","831802d6f14289a3fdefcad4662e07beccdb2b2206c1ea135f3988c8a2d256fa","MODEL"
"Models/residential/house3x3/residential3-01-L-MD.png","media","1525297","e5dc120aaf0a978387090cf0177a31067f5a77661a72193698f574e266642f11","MODEL"
"Models/residential/house3x3/residential3-02-L-MD.png","media","1320876","86a7a8aa5c79c790c91cbab73434bfc589d0e71f7180ad71270d96936a92d1a3","MODEL"
"Models/residential/house3x3/residential3-03-H-MD.png","media","1383993","d40c857c0645eb9e66163af1ea59e1890125aa2e610b25708b1ea52155155d77","MODEL"
"Models/residential/house3x3/residential3-04-H-MD.png","media","1642512","0032ee24e690cee726784d355ce06b9f6359b61a5dc1edb7a33641775ad06487","MODEL"
"Models/residential/house3x3/residential3-05-UH-LD.png","media","1157102","a29c4e1e603b56989ca224fdce84162e423153c9420049c556a84ad3819d04fc","MODEL"
"Models/residential/house3x3/residential3-06-L-MD.png","media","1130607","e21a38ea0cf7d59b5a908c1be8e8e612317755426ce6fc019f5adae01c5e4844","MODEL"
"Models/residential/house3x3/residential3-07-M-MD.png","media","1077039","92ee59e3a05effaf0203f65d58ad8ebc4ec95326a90475573ad6adc28a5c8e15","MODEL"
"Models/residential/house3x3/residential3-08-M-MD.png","media","1160012","d41b4f9029441b22e30e0ee3664924a59213ae2a1600977bcfa7ad4407b059f8","MODEL"
"Models/residential/house3x3/residential3-12-H-MD.png","media","1114510","bdd5c4a9223e1b62e6eff14bc0fe3b391300abdcfffb36a37469581d38fcdfbb","MODEL"
"Models/residential/house3x3/residential3-14-M-MD.png","media","1148176","30960605cf85757f89104429625b0197f704678e8f9d4b8e4c79eebda10aa3cc","MODEL"
"Models/residential/house4x4/residential4-01-M-MD.png","media","1535454","5440c544e28c3f4c27f653cf55bf0d9d6f0ed15b07d2385e6607d9faca4b2f57","MODEL"
"Models/residential/house4x4/residential4-02-M-MD.png","media","1747568","8fd4d8a6786d85b3a42569e8b92d777cccd4f99c5c914cbfe826c5382fc153ab","MODEL"
"Models/residential/house5x5/residential5-01-H-MD.png","media","1080666","dcef192638543eb517c94d546b594f6a56d57ecb1bba79f214d92a5feea4addc","MODEL"
"Models/residential/house5x5/residential5-02-H-MD.png","media","1069526","648ca32ed1e875a5fb0fd643187381e200a504347f1286d4548a0d490391d4c0","MODEL"
"Models/residential/house5x5/residential5-03-L-HD.png","media","972413","b33d672b6f4081d613118d749b67f22571c96e0d2a473c017a15793ef1cf7b1f","MODEL"
"Models/specialSites/2x2/murrayHouse2-01.png","media","1106129","7d669ce45d541f6069fd693e6888cc163d96d78ba855aa98b74415dfd00cc60a","MODEL"
"Models/specialSites/2x2/spaceMuseum2-01.png","media","1049241","e2c13bcfaa4c253c0fe3177016624c75f225d42bec58fc177f0e090830e25f5b","MODEL"
"Models/specialSites/2x2/tample2-01.png","media","1067804","875f55c50b134335ee6cfd5c036ec0352a2055d6df12bcbb0ea3a5e2e613f6ec","MODEL"
"Models/specialSites/2x2/tample2-02.png","media","867609","81d7b946bb04c72581b603e99fcb3a2aae056818a260fdfa14b74ccd66900960","MODEL"
"Models/specialSites/3x3/buddha3-01.png","media","1522554","1bc0896682a0379772f58081045ad46d6dcc0d0e52597cee0ca675fc83e40c17","MODEL"
"Models/specialSites/3x3/church3-01.png","media","1368583","d3f671f9af5d20f2b8b533940381d71cd3b8a598f3dbd3449e8161539262bf3d","MODEL"
"Models/specialSites/3x3/hungHomColiseum3-01_fixed.png","media","768360","f5036a5e35c094e3f0d753fabd226db617b9f7d502185304d789fbe3aeccb4d5","MODEL"
"Models/specialSites/3x3/tample3-01.png","media","1142148","cac19bad2b94cceb7f6e3cffab083736754f249dc97c9764569181339bd7d93c","MODEL"
"Models/specialSites/4x4/culturalCentre4-01.png","media","989325","8c4e04462d9b9cd63798b6d35214e002345190fccc33289db3526d0e56cba202","MODEL"
"Models/specialSites/4x4/exhibitionCentre4-01.png","media","1239743","b0756f650a23fbcb241998e12a180cf0bcd193ee6ca33f06ae32f9f3fb289e13","MODEL"
"Models/specialSites/4x4/footballStadium4-02.png","media","1132274","6e1753ac9477227195d4aa4c5e6b90182afee358eb4daf46f62b0b651c894171","MODEL"
"Models/specialSites/4x4/oceanPark4-01.png","media","1059657","6937980f9901ce20938494a5399ca2bc63fc57b211e5986e92ab3cc0a48cb2b0","MODEL"
"Models/traffic/bus/cityBusNE.png","media","97422","946ee59fb0ecf1e805adceba8218a14552b87920ac176f8f3be77fa85c679158","MODEL"
"Models/traffic/bus/cityBusNW.png","media","101962","83ffb10be2c05faa5065ef31ff53f28172cb4bd9cf2a1457e764d96491ae2b7a","MODEL"
"Models/traffic/bus/cityBusSE.png","media","107379","21a311ca588c9236cac7f903e2604d7e997d57ac8f3defe4158a6ae953f0b0bf","MODEL"
"Models/traffic/bus/cityBusSW.png","media","104836","c084975b6a65d33278476e7a04f9eb5f4e0577bab68d4e9e07fbb29551c4517d","MODEL"
"Models/traffic/bus/kmbNE.png","media","78461","30458824b79e6b60ca4045983dc45ab3b380ad29639331096a217963b646a3d6","MODEL"
"Models/traffic/bus/kmbNW.png","media","82405","00d55f68cc962272a872d08f0d7a4e88edbbf587b7a11387a864a0c27dfd7b2d","MODEL"
"Models/traffic/bus/kmbSE.png","media","84289","7f4333ee72bb012795a2fc14d0c343dd181cbb3bd71d2e3f308a0465e35d1728","MODEL"
"Models/traffic/bus/kmbSW.png","media","81088","6c164a46b32f5540d6f1575d7f02e50909c8dfdfa756d446a365e50cab7d5638","MODEL"
"Models/traffic/car/hrvNE.png","media","71509","ff16ebca1b61b565d2695b22c0989a23557e9402aeae92ee14b156e526397f9e","MODEL"
"Models/traffic/car/hrvNW.png","media","76033","07feb8f1108130755b51953e8fd1ebdb097dd35a601203527dce004295777dbb","MODEL"
"Models/traffic/car/hrvSE.png","media","80748","984561676f12756a47649f5326f36385b84298c1eb8f7ef9d4eb56322f240bd2","MODEL"
"Models/traffic/car/hrvSW.png","media","82472","da28f914d74b676a654dca49bd9455c52cc50c9a556650fe8fbe969bc58861ad","MODEL"
"Models/traffic/car/odyssey2NE.png","media","69613","3e6858b73de27f0b18edfd69a50dcc61e262be3bdf286fd6d2f5e415224648e2","MODEL"
"Models/traffic/car/odyssey2NW.png","media","67492","db20fef085a14197173a864abaa5a4089af857a86f585b3b3718f70cdb614134","MODEL"
"Models/traffic/car/odyssey2SE.png","media","77273","39fe654e9b3a213f60c1c51d1e147007feba79dfbb724683c92931bcc8f5e7cf","MODEL"
"Models/traffic/car/odyssey2SW.png","media","72733","e8d3086af04d2e9522d6abfd5b8a34429faebd92b7edf8016761f85707ebc1bb","MODEL"
"Models/traffic/car/odysseyNE.png","media","61861","76118c6e315b97da8b2bbdb10142a3ab43e3bd5a68913ed827def1afb39538ba","MODEL"
"Models/traffic/car/odysseyNW.png","media","60580","df7f6b0d04247100a2f9831b94d732c04e0bd1a3da9623c7e52023c106a6253d","MODEL"
"Models/traffic/car/odysseySE.png","media","71809","62225cbc69118cdc65553153e8a5041a6c77ecac833f399c9c3e1c0c83f73111","MODEL"
"Models/traffic/car/odysseySW.png","media","73976","1e03148ed9ca03991ec306d41ff6f46bcb7e3fbf662e3e6650b71a4f5ff2b65f","MODEL"
"Models/traffic/icecream/iceCreamNE.png","media","113352","40aba779f64a9a687744b38e3491cd2564e3f3893fdd226f3695f5874e3c7cf4","MODEL"
"Models/traffic/icecream/iceCreamNW.png","media","115253","a7cc27758fc464eb5cfa037ea4dea7e1182c0fa08cc0038aa430c1a133ee2f56","MODEL"
"Models/traffic/icecream/iceCreamSE.png","media","99751","fb2d010dba2d6dff0794ff3280e67d3b55762cbd68c26a08413256685716e0cc","MODEL"
"Models/traffic/icecream/iceCreamSW.png","media","102036","ceecb91c16e93af7dad02bdbb6a6767b029bd24a52a52915e5229671a6cd8688","MODEL"
"Models/traffic/minibus/greenMinibusNE.png","media","98145","32c0e2f76ae1a2dbdb8e7ca3bf8c023f7f090471b144acf07fc586c84e9123f7","MODEL"
"Models/traffic/minibus/greenMinibusNW.png","media","102422","de78e20cfac8e519e8a159ab870b9a350d68874748cec99abc39ae5aa8acf62e","MODEL"
"Models/traffic/minibus/greenMinibusSE.png","media","106163","58fc229173bd7f09a0dcdef178f6ef542a8bd5c584d14d41485ecf46db3a6ccf","MODEL"
"Models/traffic/minibus/greenMinibusSW.png","media","106377","55bdf8afec63ee82f02f15acd7ece3b93fc70e33425c30640ad03e2e61c96da0","MODEL"
"Models/traffic/minibus/redMinibus1NE.png","media","102136","256b9d0ede2a5e2899b1553c6954ce7b78923d08904a69c6d1b39dfdeb4ab144","MODEL"
"Models/traffic/minibus/redMinibus1NW.png","media","102936","6961eebf625609d56531ffb11844749f0bfaddfd795d22b1c03d41ee1a593962","MODEL"
"Models/traffic/minibus/redMinibus1SE.png","media","106129","6373595300e967175a71d5ce8cf82dc327264ce420a33795540b27926d93b62b","MODEL"
"Models/traffic/minibus/redMinibus1SW.png","media","107484","3bd8d53fe294bb3920a96e7ed4ab09712906c08c880d6f91904984f72aff918a","MODEL"
"Models/traffic/minibus/redMinibus2NE.png","media","89853","ec6500b166ce9e7de5dd09d826d2a15b0a7b49e85c364cdfb15d651b0220e762","MODEL"
"Models/traffic/minibus/redMinibus2NW.png","media","91997","66c2c09689e7959430529805598c5593329c7f42b04ca460755274859c748d24","MODEL"
"Models/traffic/minibus/redMinibus2SE.png","media","98063","d2d062598cc1860b55e4b7a183011e876580cb6a28c25be75e035c273a78545b","MODEL"
"Models/traffic/minibus/redMinibus2SW.png","media","95026","0ec96b9ea061b36fb8cadb64b25258d9715ca0fdd409acd72d63af366ee4722b","MODEL"
"Models/traffic/taxi/blueTaxiNE.png","media","78549","61380322bc51582040459de6ff09b9dfc4112127c581ccd14160628da89ade5f","MODEL"
"Models/traffic/taxi/blueTaxiNW.png","media","76751","f94b5147380d80f298af406269fa0c0873681dd543829036a7d4ff8f45698b5c","MODEL"
"Models/traffic/taxi/blueTaxiSE.png","media","80015","990e2f40f51fc8a2231842fc2de8bcdd30329db2110cc78593d6299b55c47613","MODEL"
"Models/traffic/taxi/blueTaxiSW.png","media","82466","322dc1ad9f17f9c99f97351551a1ebc07fffbfadfadfbdc4eb88d60da85a0307","MODEL"
"Models/traffic/taxi/greenTaxiNE.png","media","79114","5938c1f10c4415bc3f1bbaba0f77340f0a4b04f79c6f0dbbbaf2afce973d5a9b","MODEL"
"Models/traffic/taxi/greenTaxiNW.png","media","76985","0888f122618aba744f6a9e70202dd5a64c6b57f7fa644c104430f8f29d985755","MODEL"
"Models/traffic/taxi/greenTaxiSE.png","media","81035","61829d6bfde2f16764eb4bea6014a8c386faecca37407eebaa6ec67b67e94c1b","MODEL"
"Models/traffic/taxi/greenTaxiSW.png","media","81978","6052d22b948b663b0d19b12112c4860003bf52729df2e3b20adbb69af3fb0a3a","MODEL"
"Models/traffic/taxi/redTaxiNE.png","media","77395","15a014eeb3d4d38e99c4ef322eabba0027c6991f3cf868828df5e0c0a66a61c4","MODEL"
"Models/traffic/taxi/redTaxiNW.png","media","77824","544934763b6946b612dc2877c6c19cb5526c5d0b2117619b1d1c24b81bbfa7a8","MODEL"
"Models/traffic/taxi/redTaxiSE.png","media","80100","c72227b3e4242722995649b7417bac3993f7318f545728a4697e9d5e0f23f5e6","MODEL"
"Models/traffic/taxi/redTaxiSW.png","media","79088","12f3d7640a8d24976b5d89f76e32c3d2b7cd6df8a571c7b6135dbe52f00f4cfe","MODEL"
"Models/traffic/truck/basicTruckNE.png","media","100544","029a7987ae38462a627db827c91101cf5b2970e7393ffa7fc3578d0a92a5a313","MODEL"
"Models/traffic/truck/basicTruckNW.png","media","106592","d76e8bcd60cee982e48bfa037c9ad5cd94f1e4646cd31e36d70b012d19eac3bb","MODEL"
"Models/traffic/truck/basicTruckSE.png","media","113855","e753150681cda2143cb36274d81cbd915918490ccc6453eb5f78c87fd3c6d311","MODEL"
"Models/traffic/truck/basicTruckSW.png","media","113193","d377b537327c003dd3c22513c7570b30cc8e33d59b8ccc6e3ffa539dfe9c4b19","MODEL"
"Models/traffic/truck/fishTruckNE.png","media","112819","4aff4f70a3cf716c4f3b15f51e085d4bfe9f2da97376fedaa19ab5e343a380a5","MODEL"
"Models/traffic/truck/fishTruckNW.png","media","109492","208055bf5e7e7d424767ffaa6bd476ea0b0e41b87eef7a14fc9f5b6cb62e5aa0","MODEL"
"Models/traffic/truck/fishTruckSE.png","media","97872","42be84ed5aae2b76703ad7c50c19d96ebd4779b468eb0bb929465b0d3d0d6cd0","MODEL"
"Models/traffic/truck/fishTruckSW.png","media","99276","2ad0045941f3cfd25f8429fe6c73771811288d1035257b890f8cf9cd5483ccc7","MODEL"
"Models/traffic/truck/logisticTruckNE.png","media","105494","ea97a028364aa7bdda4c62162afd45ca29489cd0803e5346ed85b6fb72e2ad1c","MODEL"
"Models/traffic/truck/logisticTruckNW.png","media","111805","a53a54415e4fbaa193d96a5d2f4a24025a9726d4beccec9bc4ae9028c5ef4660","MODEL"
"Models/traffic/truck/logisticTruckSE.png","media","118059","f97c44c5111a04afa05ee3980d5d285f42e851d9c5d15d57fa34e564f1b485b9","MODEL"
"Models/traffic/truck/logisticTruckSW.png","media","117727","0595d929ce8d0aa4291a2436bdfd160b64a04be49f5e8ddb113bb3d8247eb203","MODEL"
"Models/traffic/van/gardenVanNE.png","media","97229","3a655e94d17eeda0b3279a924700665ee553b0a6fe37c0fae0e78435542835db","MODEL"
"Models/traffic/van/gardenVanNW.png","media","98838","60b46616fdf836e6725b5710fcc42086501e77df78c84cfd3b96f5583a8bb9f9","MODEL"
"Models/traffic/van/gardenVanSE.png","media","100054","a6334867b1c80606a26976071a3285b063e0859b11759dc823709a7c6f545e86","MODEL"
"Models/traffic/van/gardenVanSW.png","media","96299","a655bdd8465536e14b2757bb4af788768a0d906e70155bb82b26843d24995ea4","MODEL"
"Models/traffic/van/namkeeVanNE.png","media","97083","d98565507b7e9868610103c66b95058137323aa6256cc9a0704803ed35793a2e","MODEL"
"Models/traffic/van/namkeeVanNW.png","media","97865","34ead8e4573189bfc8f6357686e689ce458a46ec75df3977f6696561c57169d1","MODEL"
"Models/traffic/van/namkeeVanSE.png","media","99095","857fa3e7a7556b2ece70d46b1c51a768337842f00672e1bf20e51ac64c069a43","MODEL"
"Models/traffic/van/namkeeVanSW.png","media","97827","2e0dcf1d3697c3fae223fb1dbc92541d8f787c5863d3426f83881fdad0644ff1","MODEL"
"Models/traffic/van/plainVanNE.png","media","92437","4c169cf57225bb248bb66f77e57e2bd31603fa4368d82ed308cdb49d9cb673ec","MODEL"
"Models/traffic/van/plainVanNW.png","media","94002","a12ecbb20aefc345c51e5d17e213fbc37f5914ebb26a13021c46cdf4c1845a1c","MODEL"
"Models/traffic/van/plainVanSE.png","media","95863","654b91ce525e885c8ca131bc894f43ba8f8bae59cafeb3fa6721cb41b9648cae","MODEL"
"Models/traffic/van/plainVanSW.png","media","95227","f07e952c15cd15858c20b385754199e4d0baa37cfe9e3a8e65c26bf42138eacc","MODEL"
"Models/traffic/van/silverVanNE.png","media","98009","e14bb24dd57e541388527101845ca9d061f853e0edb83fab4de893d5e73a44bd","MODEL"
"Models/traffic/van/silverVanNW.png","media","97826","f9903a123d9d97959fe1643c4eb875fbb8da029be170f2a16985e65e973695b3","MODEL"
"Models/traffic/van/silverVanSE.png","media","100799","c2956f7d330ec84952d9e5bf079be7d8152fb184f301aa7c17494d694a6dfd60","MODEL"
"Models/traffic/van/silverVanSW.png","media","99509","b7b8d6d28d7442d21e4413cb2bd598b130ef1cc60e8ccc0de5f4b2299a3e0b87","MODEL"
"Models/trees/tree01.png","media","110781","a0743ff79c4418b12d13eefc9a5851e71b563b3b36eec690b01954b5983daa02","MODEL"
"Models/trees/tree02.png","media","116462","94a8c1096e1b74de7e8a913009925b9ca90b15eb85a8b15ac459ff72431ce63a","MODEL"
"Models/trees/tree03.png","media","80460","782ade1517de47b391b4f718f3d980567a3ffc1fe8a714e36bb3320fbebb14b2","MODEL"
"Models/trees/tree04.png","media","73752","88956734fe103d1bae9a4a5dfeb3a9d656596f7ab044027ad5cf0ff93a2ab35c","MODEL"
"Models/trees/tree05.png","media","87412","9bc29573b9e7d9663176de68ea5dd52a03873c37d3fcddaa9f956239f9cbf2ad","MODEL"
"Models/trees/tree06.png","media","94495","e79efcd828e4e585354089869bb5c0cac6122c4495ce4bc30ec18116536274ae","MODEL"
"Models/trees/tree07.png","media","75392","e57c0b494206c4e27d5ea106676ac3057595f57a6573bf5126874e141569d002","MODEL"
"Models/trees/tree08.png","media","102587","bb7ef8c97824dbb860dba64fb965357a0426ebe7d1b34e9dd720c1765d6938fc","MODEL"
"Models/trees/tree09.png","media","65512","290d58c82fe6426298bc3f7679381eb1de5b94518fecbdb760d70031126d77c8","MODEL"
"Models/trees/tree10.png","media","69487","9719ad315ccda729fe8e7d276d9d4ad707f1aa11d693c481a79d70f5c4470a4e","MODEL"
"Models/trees/tree11.png","media","88278","0f31c5892ed65891929ba3c750190eef9338b2019978b8e0a35af4039cd60eef","MODEL"
"Models/trees/tree12.png","media","68153","b1520e9bb94f9127cee414e4382e0fe193af765d4d7dbbaaa419d3bc10c1aeb4","MODEL"
"Models/trees/tree13.png","media","75175","2f3850f192ab18ba7bb13847b59a335ffa37c947a11db5cbd5e3f96c7925929d","MODEL"
"Models/trees/tree14.png","media","58427","1ca34c3896bea35d00e0b6f57d0f30a676b4c87f5586e25524f2693527033143","MODEL"
"Models/trees/tree15.png","media","71681","db90f8d83c16c0b1a67b8ca0525cd730890f78e7f84b57d6c09faebd98705ec1","MODEL"
"Models/vessels/cargoShip01-Empty-NE_fixed.png","media","71210","58e8ee3389b0afbb5953ed80d9577ca407c1143f84597aa0dcea2693ceff117e","MODEL"
"Models/vessels/cargoShip01-Empty-NW_fixed.png","media","71461","05b973571137f6404fc99a08c0e146dc82ca1ecc66ea7b5bfc517c5fbc825de3","MODEL"
"Models/vessels/cargoShip01-Empty-SE_fixed.png","media","70301","3b03aa02a5324b5c511db5f83319721178194a21de67fb26b252674e454b9011","MODEL"
"Models/vessels/cargoShip01-Empty-SW_fixed.png","media","70485","e04dc026b0b5be53589974c4f8c5f1f831f00331ebf8e4ba986e330b0c56bab5","MODEL"
"Models/vessels/cargoShip01-FullLoad-NE_fixed.png","media","77730","8fb35bd439a5d4b72c449bea976d2f0953725d9f8444c5e94d245b2ef8b6a97f","MODEL"
"Models/vessels/cargoShip01-FullLoad-NW_fixed.png","media","79239","b33c66e645e1d94c79633d684db022e35b96ca32ef6cd267e2e8b910014aa74b","MODEL"
"Models/vessels/cargoShip01-FullLoad-SE_fixed.png","media","79075","c260a69c7990669602614dae09c684af0cddcce3819ecaf27b514b8e5b6e0450","MODEL"
"Models/vessels/cargoShip01-FullLoad-SW_fixed.png","media","77653","3e18a4b3de74259fea1cb08096512e4d8ad1d040713aa63df97bf99b7ef00919","MODEL"
"Models/vessels/cargoShip01-HalfLoad-NE_fixed.png","media","72292","26a6d6d0f3cd275b22ff67d003db82a17b820478341b4ab60e2f04e652022699","MODEL"
"Models/vessels/cargoShip01-HalfLoad-NW_fixed.png","media","72332","519de61dab9e8588963382817f2de4b21314f8e48fbd1e113f4192193ccaef01","MODEL"
"Models/vessels/cargoShip01-HalfLoad-SE_fixed.png","media","72180","e95c786e0891f7d8da18d1bcec7b66643681130871e916af0b195e86200cbf98","MODEL"
"Models/vessels/cargoShip01-HalfLoad-SW_fixed.png","media","72243","59b4a645a3998279215009a840acb48f59da88d64b2c495a0ad4c0ece21c521b","MODEL"
"Music/City Pulse.mp3","media","3968711","693fadc0459379216f0e12d573b3cdaedad1d6d1561c4d07cfd0ada9cf136693","MUSIC"
"Music/Concrete Symphony 2.mp3","media","5522110","d46085425b57db99c40535546f50624fec9fba0eb8226ab4a48f6c664659cd2a","MUSIC"
"Music/Concrete_Symphony.mp3","media","5523689","70c94c5096b4fdff33dcbe6abc6a4e4e99c603689b6ba48da5ecf72e863d8fda","MUSIC"
"Music/Loopside Harbor 2.mp3","media","5453214","b02d436fc9226428e223af1692aacb970c642da28e8c05aed269511cf011db36","MUSIC"
"Music/Loopside Harbor.mp3","media","5396164","a4ab9154f86f954c1472b34e8046bee0324a06a38ac39b4eb95b3e2459cfb069","MUSIC"
"Music/Skyline Serenade (Sim City Theme).mp3","media","6806440","b2502198428e4f39c9b5a9919ce50eacc357300309940b0ca199ce46a0ee2f30","MUSIC"
"Music/Tactile City Nights.mp3","media","4656604","c39b66889f450ac3b3c11788ffb622ea32035344ebb18b46ac6337cc2e959e2d","MUSIC"
"Music/Velvet Booth Loop 2.mp3","media","5248273","9b9b476c4a3b0142d9ed734ed4d6578009847e6ead6130c9689790786fab60db","MUSIC"
"Music/Velvet Booth Loop.mp3","media","5390694","f6f3001cb0708b7a65bb73c596adf3d68d6fc7fb8ee099cb01cc01a9aa08e354","MUSIC"
"Sounds/aircraftLanding.m4a","media","106530","5c62708346b74b4504a9cf2dd5c13584e9921d37eaeb56b6552f6fcda041c27e","SOUND"
"Sounds/aircraftTakeoff.m4a","media","72796","3eb387be82b3360667fee7edc5bb208d7ea2075b9a7456abc7ad8460d7f7b250","SOUND"
"Sounds/iceCreamTruck.m4a","media","194641","f4c9ab849e40fea3821f8da712f252b91758fcedba4a259002ee3fbb3a2b3ab9","SOUND"
"Sounds/rainyDay.m4a","media","263498","f83c74ee37889c07620d9baadd6fd988f7b18a1bf4b0d27d7c76f765d387455c","SOUND"
"Sounds/residential.m4a","media","268617","4fd08658123a792876042e41676a0484e7a462d5f50add7735f5c2ab70f9f3b4","SOUND"
"Sounds/thunder.mp3","media","600480","1e568cb9b8a1298b0c2c31acc866e29a03178b41f4e9ea4509c0430dedd92ee8","SOUND"
"Sounds/typhoon.m4a","media","566377","cc80826277887b02722af73ce91f89701865ac835cfd829a4102bea7e75cba5c","SOUND"
"Sounds/urban.m4a","media","1701968","b144bd1f917dffe2b44674466b1cf20d881be19caddc10fae31b4cb893660b5e","SOUND"
"Sounds/vesselFlute.m4a","media","153478","1ebfcb75f1eee69f322405c51b271358a33a3217a6b2fe61c7bb6f2d7544505d","SOUND"
"UI/backgroundTitle.png","media","2419645","6435a43f6ff19f2fec58ca77a4eb1e2db3900382d08265ed43b7ca601dc33d4b","UI"
"UI/legislativeCouncil/councilChamber02.png","media","2385046","8db73eaaaa271856a1e31317402c118a0d5e9b14d1a17a282fbb92d2cec687c8","UI"
"UI/nameplate.png","media","2805949","c536d070fb27aad6d1460e714d1b13b666679bfcdfe1813219c90f77e9341407","UI"
"UI/nameplateNew.webp","media","179262","888ab066aa9e29413b6e4ba4cc4335a7d717fd5eba07e044fdb31e07b24e9f8c","UI"
"UI/news/AIAntidrugCampagin.webp","media","143016","ed09d8de45390dde867637ccd35c07c51d10a98e6d7d026e779e31c83dedfd0f","UI"
"UI/news/academicUniversityRank.webp","media","95406","ab31d16155e2827a3f496a1fb5074b1397bff0b04380f34b1c123af871677d52","UI"
"UI/news/airportProjectApproved.png","media","2881011","4781dd93ee21cf7083508ae5be90e5baf00745ea7da91f1b8040b2ba0d39c561","UI"
"UI/news/airportProjectApproved.webp","media","225528","923b17cb5d67d768f6ce2a807d06e7c8b86eebe5e596a136999f505675bfbac7","UI"
"UI/news/busSeatBeltAct.webp","media","165376","f76d8d58c1d4bf2bffae43941674acfa723ae89f050514b960a37886f2df9439","UI"
"UI/news/chiefPoliceActingInFlim.webp","media","119170","c35d62c049da0ccb30b4a22f4acb88488b398d4c9327ba825c840c6032f1e706","UI"
"UI/news/elderyCitizenBusFareSubsidary.webp","media","154520","51b041d836440f20b03df340fbe79797ac51eeef6e809688bd59f6da16947dd6","UI"
"UI/news/fatherWithPrisoner.webp","media","151828","a25a56755a95da7f4cb21e1b44f5b2aaf4332e6a2a2e0baf16ad38dfa94ce525","UI"
"UI/news/footballStarVisit.webp","media","161814","a6054b165c1bd5b41ebe6eaeb775226da1e521d8d108b5b755a0d49469a72d43","UI"
"UI/news/gainStockMarket.png","media","2372043","6179c7d99e0e99c244f5766ea9e3d6a1f8bcd13b2545d2ca19637eddb658b1fa","UI"
"UI/news/gainStockMarket.webp","media","117446","f595bd2e67a5396a26dbd92e4ef3d48028b88768332c9099ddec48ffd85dd73f","UI"
"UI/news/governmentLostInStock.png","media","2566340","5787f45f3069db29eac725d05eab332840f5036bf04a1d84eb653f6ed7918d9e","UI"
"UI/news/governmentLostInStock.webp","media","139566","9a2fa7d99d75959bee463195ab12af4dc4672f07daa8a2b653d20f78bb760284","UI"
"UI/news/koreanStarVisit.webp","media","165240","cf191a7951928d878e6232b22b1ef1f476532f22ac4db7dcb87e7054b3d86ca4","UI"
"UI/news/labExplosion.png","media","2124885","a444ac12c40415fbf7d0941a3d0a63761744370bcd072bce33750090537508de","UI"
"UI/news/labExplosion.webp","media","121742","25196db6b9aebc9222b52d8a3c7ea4039690c5da44e69d12b96bf52c49036ec8","UI"
"UI/news/lunarYearBadLuck.png","media","2094579","fa0b5ce9977ab33e69e1db12ef32e1302f12ad741010b0966fbaa63b957a6447","UI"
"UI/news/lunarYearBadLuck.webp","media","125232","ecb3c344f2130f5f19f5bc5405bb516afee5d4d577af35ac32918b90fc6f3645","UI"
"UI/news/lunarYearGoodLuck.png","media","1975650","cd2aeb7917dd9bbd38605b06221638416ddc79aa68eb938e896fe027b152379e","UI"
"UI/news/lunarYearGoodLuck.webp","media","130382","d4e09914f7cecde858620538f1febea9b96a5bb021e13ceb3d3988a45f84c752","UI"
"UI/news/lunarYearMediumLuck.png","media","1766541","8b20a014bd1cb899f023f3f25c05f0c170b1edb0830e0b8c79c206df399d0fd8","UI"
"UI/news/lunarYearMediumLuck.webp","media","104718","e2f324c51840ec902d0c305b9e02cad2b4cdb47ecd82aa069f915d1187c97327","UI"
"UI/news/nightDroneShowFailed.webp","media","88912","09a07bd01c5e59494d33a0f88da7481a71e1319df5f2ab2bce32d3e600e7543c","UI"
"UI/news/nightDroneShowSucceed.webp","media","117876","84c5476c12ade0c9d5c30f350b7718681255d91a90f49b3be775802e82f676a5","UI"
"UI/news/northPolePenguin.webp","media","111516","a7dae559e151e4895d23bdb6058eee93074f533b1f9519f51c734a28feff14a1","UI"
"UI/news/oceanParkMemories.png","media","2350139","94394542a14b80e48472e474fd4431f2bed07ac57f334f0bffbce75fe8896994","UI"
"UI/news/oceanParkMemories.webp","media","174002","b6750737b98e070693dab43e997f0ff76a1e930fb66c00c279bf5ee81c430d0a","UI"
"UI/news/rainstorm.webp","media","172156","925d19acef7d3625af6e9b1ae399b9435af3df40c71368c966052d2f51c7a7a5","UI"
"UI/news/rainstorm02.webp","media","125726","84aeaf1330c3e850492b41533c5da95b8527b20549f7132d4e9d8bf78bf32bc2","UI"
"UI/news/researchAndDevelopment.png","media","2275954","ef99dcb4f5c730c17b6cdcc1238b4b864e48f30274df19674622329cf5fd704e","UI"
"UI/news/researchAndDevelopment.webp","media","134712","690f786e6e5919bd1824ad4b49d1ae38297ec3f13205c9a041e06eb35552fbcc","UI"
"UI/news/revokeIndustrialBuildings.png","media","2553668","e0eaa882f4fe8d83d6894dc737d0cb20d7c0b18dbf019170abf1a726bd7ec277","UI"
"UI/news/revokeIndustrialBuildings.webp","media","138778","41a3895eb344e22f3b17f4fec2f208d037cf6d335c97e620304c4fecbaded680","UI"
"UI/news/sideNewsFreeIceCream.webp","media","143208","bb4665ac137a08d4ae180cb212319a015dbfef6c4153856b212ca23e450c7bb3","UI"
"UI/news/sideNewsNewYearEvent.webp","media","126754","24e076030f4f2f83455fdb4591df8c95a139f2b15350c06e52876475b6fbbbe0","UI"
"UI/news/sideNewsSinger.webp","media","142416","2bfcd651826298188d9de97138d94c10209d1ac0b06236fb03617312cb196aa7","UI"
"UI/news/stockMarketShock.png","media","2260704","59dad721d6cb63b9f730055f0cfb1ae4e19224bf5b154704a2c65fa95d3386d7","UI"
"UI/news/stockMarketShock.webp","media","145300","a484b50f9072b4436f96ef49ffa0de21d7b5459950815cda152cae921fe66af4","UI"
"UI/news/stockMarketShock2.png","media","2842769","f99bb4060957348aeefab214479666801ad2f62afe90ae3bd22d8a34920e9f9d","UI"
"UI/news/stockMarketShock2.webp","media","222066","f44630e92fb4d4c08952eb45452e42951ef1561571db8f3f2d11169cd4c90894","UI"
"UI/news/strongCountry20XX.png","media","1766017","b2fed27794f495a57e6b982be0d5924f29b33e564051f385de6a5bf09047c33c","UI"
"UI/news/strongCountry20XX.webp","media","97488","2198853e56ff4121ae0dcfe4da40214d47713ee166e350022dbccdfb21bfa04a","UI"
"UI/news/thumbs/AIAntidrugCampagin.webp","media","6544","f0e5421d29f95cc4532ac86b6721d0ac6e0f556e9773150c1426f96b4d8213be","UI"
"UI/news/thumbs/academicUniversityRank.webp","media","5524","bd69fcae75bd2aa0095ceb5d1b5f911709236ef9e9f9190a5c60c03f18559b1e","UI"
"UI/news/thumbs/airportProjectApproved.webp","media","8346","d010e32d5a8f15d7a525fc21b8189a5ddf96a3e0828309dd19587df2d166c50f","UI"
"UI/news/thumbs/busSeatBeltAct.webp","media","7416","84eedd2236bfa35db77ff44739df1b0a5584047e23099574338b8a6e6113ee68","UI"
"UI/news/thumbs/chiefPoliceActingInFlim.webp","media","5484","5e94b349abe44c69f2f82df913b5f202e4bf27daebab1f58cb36b19bbae73d41","UI"
"UI/news/thumbs/elderyCitizenBusFareSubsidary.webp","media","6404","b1eb1150368e2126e27bec12261720b739c14d90ed933ea22cba6c983aea9aa2","UI"
"UI/news/thumbs/fatherWithPrisoner.webp","media","6980","875cdd1510b843176daf06b9a1d6946fcd967b7e00385c348eaa3c8cd807abf6","UI"
"UI/news/thumbs/footballStarVisit.webp","media","6752","57bfdb8514ad5e1d0a9e903d802d98e2504b2a9e97766ee32b0242e9050154ee","UI"
"UI/news/thumbs/gainStockMarket.webp","media","8066","2728983d063faaeb50bfd3db6f253e19ddc7f5470c8bbc0fb923b4e7824c729d","UI"
"UI/news/thumbs/governmentLostInStock.webp","media","8890","abc5a70707b80457ff5a7f64a3ad3e84b45e7f06cdc03446a6201748d2a4a234","UI"
"UI/news/thumbs/koreanStarVisit.webp","media","7030","421a9b8284b60aba73dff646314814d535072ab805484a7bddce17a79d98821e","UI"
"UI/news/thumbs/labExplosion.webp","media","7636","6b99ba259257b0888ff1a1124acef14fa6c79ac0323db04e3d9c87ab38e90685","UI"
"UI/news/thumbs/lunarYearBadLuck.webp","media","7766","9b58212bc91c0f0d3f8196161460890ee59405eb7f2aec694ce909709d4da421","UI"
"UI/news/thumbs/lunarYearGoodLuck.webp","media","8126","93a8eba37f79dc82032130438dd404ff84884d684c7c7e439ae8437b1b44843f","UI"
"UI/news/thumbs/lunarYearMediumLuck.webp","media","8018","e3e8d741f17d7af4deb65a84bb2fe795d8b1221d6ece4d9f9a3649d0bf8e8307","UI"
"UI/news/thumbs/nightDroneShowFailed.webp","media","4294","cd77831ef3b96160bf8b1950d564ab21e3ba3054b71687bbb139ba5f2a642867","UI"
"UI/news/thumbs/nightDroneShowSucceed.webp","media","6118","80b2b14ba065db436c6742e40c2a5fd81a2aa6f8cfe34852bed0291df6dc784e","UI"
"UI/news/thumbs/northPolePenguin.webp","media","6296","fb2e98e05a72efd413dfef86e5ff684a727d38a00ca456b4b22309667f5d41c1","UI"
"UI/news/thumbs/oceanParkMemories.webp","media","8732","698dad3754fd598b1e86a97203494baadbbed0b5d89b416ac7a366e7ef31f35e","UI"
"UI/news/thumbs/rainstorm.webp","media","6234","b0655af37e4964c92a82b47ed87fcd23746b8b951befe066aaddd8413bcbd059","UI"
"UI/news/thumbs/rainstorm02.webp","media","6754","019491a54be67cd6538e542c1db680ffeeeadbe725b0248bcfb32319715feca2","UI"
"UI/news/thumbs/researchAndDevelopment.webp","media","8618","e72669062585af9c5353216c992243badaa0362a6751f62e18c6b33e21a598a5","UI"
"UI/news/thumbs/revokeIndustrialBuildings.webp","media","8824","404a8c7cbacaa2f7d34c59e43a7d66864d2e27d3b054a0d62c8947633ba77ed8","UI"
"UI/news/thumbs/sideNewsFreeIceCream.webp","media","7030","a86de332c12388ab1a50bf54a57a20ef6d57f285894ca15be02881efc4190611","UI"
"UI/news/thumbs/sideNewsNewYearEvent.webp","media","6038","00a07bc264fe9f8d905c3d1d3a6299563d568eeb195717353bfd1d366779c1e4","UI"
"UI/news/thumbs/sideNewsSinger.webp","media","6816","00ca3df454ddc531a20c22b0c4323e97680f3bb29de1d19ef5a4454b2e08eb9a","UI"
"UI/news/thumbs/stockMarketShock.webp","media","10200","041fea3e28df204fbfbbfe02d567c73f7d57a7fadf499db41014452c66a7b4a0","UI"
"UI/news/thumbs/stockMarketShock2.webp","media","7118","bf5ffc523d0720a79b0182a1c3fec7df03459bf5dcf9d5c6adf0e0dec2a3108a","UI"
"UI/news/thumbs/strongCountry20XX.webp","media","7762","d7c0f30f0ba401ab41137d229cecb2eb99f54b5cd51326ce63e4b34479b25c2d","UI"
"UI/news/thumbs/tooHotToShutDownAitCond.webp","media","4828","f720cd23e7acc22333d5e69df4ab9bace7f611cb3e6e6ac0d39c18221f0f4061","UI"
"UI/news/thumbs/touringEverywhere.webp","media","6084","3e98c52ef44e56c3066ba0cc5e4d44cbbe3154f06078d19d1f1aa45d8c446f68","UI"
"UI/news/thumbs/typhoon.webp","media","6772","4cfdf8441099cd7e7b9f3cb23a86c251a3d30d488f328b4a9fb09f2ce0741ece","UI"
"UI/news/tooHotToShutDownAitCond.webp","media","116740","fc427c993aa0a1dff6264265e96983cf9d92ea206ca483c8a402bfb5e9723a20","UI"
"UI/news/touringEverywhere.webp","media","184894","de90d1710151c5a472f6fcdb93789110a1bc44be6c12f16089067ae71955f572","UI"
"UI/news/typhoon.webp","media","192860","81e6274f7f285627a8a99787e467143a73eda73e22dc3880134f6a27a7ebdd96","UI"
"UI/officials/chiefExecutive.PNG","media","2599071","bbdfe4d1d5b5bf415ebef68372b21333c938d776175d45d905d70dd0b1cfa6a9","UI"
"UI/officials/councilMamber-freedom.PNG","media","2432504","809e1b6c925c9d5c4613ad355cc64f9f511c66d5f439aad9bb72429a42fad66c","UI"
"UI/officials/councilMember-business.PNG","media","2300331","570e3975bab5abfc9ab3eaf0070e6faeef80fb6b39081b2218dc891f595ff120","UI"
"UI/officials/councilMember-democracyParty.PNG","media","2584031","69debd022fd478895c8e88985e1c87fd4a3cf0340814ec3f1e1fba2ee7f16987","UI"
"UI/officials/councilMember-religion.PNG","media","2254963","b8ddcfbfe2a9d519a6153804090898c13341184d75adb68231068cdccc4d0118","UI"
"UI/officials/councilMember-tourism.PNG","media","2615951","76f0c356c176770504a0fa72ef9c4f9bf18375b407426aa97c54cbf78e503f31","UI"
"UI/officials/headOfLeisureAndCulturalService.PNG","media","2882621","ad505ebd5b8db36c4f0e7c3a18cfb6de90186c61b3335fc3a6f31c39fb35df12","UI"
"UI/officials/headOfObservatory.PNG","media","3181492","dbd1b7719df3f7156eeeccf3df2696a78980ffffa8c9aa6c7142fa01a4c67940","UI"
"UI/officials/headOfPoliceForce.PNG","media","2907738","a04ec7da12e9608146c02c997cbb4257967a786733611f29c639d8050ff3c74d","UI"
"UI/officials/headOfTreasury.PNG","media","2315910","db7fe9a19495bd2857e343cf539970c8b2d98ed2984fb552645dda4749da63d4","UI"
"UI/weatherSignals/blackRainstorm.png","media","24103","904c36d8c57087154a7cc52d1ce0c3fb6c58edbf735fcbd05e3aea42d851d596","WEATHER"
"UI/weatherSignals/redRainstorm.png","media","38559","732c157a0144a850b279163b71aa914df39914bceb750d73d0b7e0cc404b396e","WEATHER"
"UI/weatherSignals/typhoon1.png","media","3171","d8b651e351f50bd45a0b4b72550eb7fdc70fc2dd03f89c652fc8b11d21f70834","WEATHER"
"UI/weatherSignals/typhoon10.png","media","5638","7b2e4045fdb8c85ce33bbb474347ed97f5eae008158d4e68a4c04fda650c7c09","WEATHER"
"UI/weatherSignals/typhoon3.png","media","4409","051f278f8e8e848df2cf50beb5e95aa424df1cd48d3c984aa598c0325ad08c7f","WEATHER"
"UI/weatherSignals/typhoon8NW.png","media","6039","281688510b92bf057939f82f789045d82ccbc572ddb67deb9d6a8fcd396d095f","WEATHER"
"UI/weatherSignals/typhoon9.png","media","4854","a43c59980bcbae4d6673d17bdf65290f0ee49e68828bf7c5fb0eee69bc4ed327","WEATHER"
"UI/weatherSignals/yellowRainstorm.png","media","53720","ba8bc319a60a4902fee2c6b9ea123f2210ac4853d9efe2047278bfeb76332a3c","WEATHER"
"build/icon.icns","media","2954592","422087fff4fbf9aa5e2eeaafe781ecd0f9d1f829e74baf4e52b378dd0f9be62d","UI"
"build/icon.ico","media","215970","cf85568f1ad02cdbedf99c72eea10b4b88f51eb8fd2180d25ec56dea83df4b63","UI"
"build/icon.png","media","2348348","6af8cf9257d73e6dce3e2eec1787cc5849122de233610f014ac5b80c27def9a0","UI"
"data/hko-astronomy-2026.json","data","112793","03e020e19ffb004e905b1beb32d35bf2e5727bf975375eba9c107914cd9a52d9","HKO-API+HKO-PDF"
"docs/assets/airport.png","media","5964691","6e0af3a5c0e3195c6e94cc96c093fd9db35cb980ce03473dff5a453f2ff756f4","SITE"
"docs/assets/backgroundTitle.jpg","media","207028","64f260932a289079e29b8d21aece83ef1f6395b7b69bea1c65d02042cb607e99","SITE"
"docs/assets/backgroundTitle.webp","media","379240","6f5bdfa8c9e7f9e3e2423da0f78638e3dada443ec83011f7dd7b74420d27b284","SITE"
"docs/assets/changeDistrictName.png","media","3114822","c73b26efc716a322e27ec58926b2baefee594e0978484dfa65b1de3d1789c245","SITE"
"docs/assets/connectWithFreeAPIKey.png","media","670201","ea3b14989e612617f2571348e0f1406413b408b2ad30f81281d6379df7235df8","SITE"
"docs/assets/councilDiscussion.png","media","603865","088b24a14c82ebc775135f0ba643bd15b3bf97cfd7ca9c64e364cbdf28d867b3","SITE"
"docs/assets/gameplay/airport.png","media","4127265","f604e479cd8a3c131fd27f163b57e2fc5b9e70654df0d641c0962d4d8a36169c","SITE"
"docs/assets/gameplay/airport.webp","media","339278","9fcfa587c4ca6e4107ab0742a0ca63a216d4b5c2936aa9f2bbf5eddd33e3696f","SITE"
"docs/assets/gameplay/buddhaAtNight.png","media","3733585","ee31b351515300349f07c19f96afdc5f55d0faad8d7919e289aab7b2d37b3885","SITE"
"docs/assets/gameplay/buddhaAtNight.webp","media","258362","33e6fe1bef0d7b2db55083eeddde36d14cf483c9c524a8f524ccc08257159fa2","SITE"
"docs/assets/gameplay/busTycoon.png","media","2450073","aa4d960042b55a67ce1369fed7927836a918777ecc5dbdcf09d85324498f475c","SITE"
"docs/assets/gameplay/busTycoon.webp","media","191328","dcf97bab21101681eab2c4b21b111f147f47b0f51ccdfe0c41ea581b2a773722","SITE"
"docs/assets/gameplay/citySence.png","media","3773381","dc386f5ffbc5fb4a40053906510572b04749a074a49a911d78f61504780c4bbb","SITE"
"docs/assets/gameplay/citySence.webp","media","277650","16871af4c553d818e1a2fa16c5af143bf21655f0af64d3fb3a90861af2fc38c4","SITE"
"docs/assets/gameplay/cloudy.png","media","3798264","ef2a7e6d6871dc7816725830cd5207d543823949cebcf86a6b334478cfdac12e","SITE"
"docs/assets/gameplay/cloudy.webp","media","223232","e85fd311e770dc7ab6e166cebca4fa1b92618643af8eac5b5b787b130acd449e","SITE"
"docs/assets/gameplay/containerPort.png","media","2938199","f4be55dc8e29dec994a907e0db87283b59213145e68192e783a6f2815126a36a","SITE"
"docs/assets/gameplay/containerPort.webp","media","127496","d5478ba8cddee654a3a06e97a149a145cbf8c77dd6a0cf009e3ea2f44ed86c2c","SITE"
"docs/assets/gameplay/heungShingForum.png","media","2448589","28aaf478001a2f8e7f7b77e2c1b4b7859bcff20fb03373281db5447654a30ae4","SITE"
"docs/assets/gameplay/heungShingForum.webp","media","171836","16de0e5a2846a768b3b93ca022eb49a1d352068abe7f4998e5a5d8cafb2f9944","SITE"
"docs/assets/gameplay/hillside.png","media","3592491","f1789e7396c152a3c25391f9de0b2f12f28aff53f88f0cdbd26ef53c291d70f5","SITE"
"docs/assets/gameplay/hillside.webp","media","178018","7f85cc8be2014c3e49a136e3da51ac29a70ddc06eb11157d2bb3ba093bbeb752","SITE"
"docs/assets/gameplay/legislativeCouncil.png","media","2707161","016c88c42b9f12d364d369f78c746e7d296b66e0f903eb59ab64ac7bed5e56fb","SITE"
"docs/assets/gameplay/legislativeCouncil.webp","media","218772","409a459e760c6c96e6a19196ba101cf7ca32a896b7b72fd88368d56275fa73fb","SITE"
"docs/assets/gameplay/minimap.png","media","2535681","96d8d05c4b311f087991b959ff8cee7fba995a531f6ffed4b43a74413e629722","SITE"
"docs/assets/gameplay/minimap.webp","media","203946","9d2dd61b87726e940451e61584accf12b9ec888c30059cca2557fe293b18ac8f","SITE"
"docs/assets/gameplay/newWaterfront.png","media","4209558","af4650a019d6ec353b9e9353ffbf489c6f372bc762563609acb89a564ad64961","SITE"
"docs/assets/gameplay/newWaterfront.webp","media","345686","55c3203bd49e01a63e81ad1d0d13d6afde89cfd307fab378c52d4fd64c0af2b0","SITE"
"docs/assets/gameplay/news.png","media","2366715","9d8fe3a0041f02bc2b20a3e5ce553d272dda07bbbac7373f8a29e4c9caa862bf","SITE"
"docs/assets/gameplay/news.webp","media","138858","142cfd64f166d7c017968125ad2818c69a54c24d8622d7e75f359101f7fce773","SITE"
"docs/assets/gameplay/nightSence.png","media","4056597","a0f83c0fab5a8a96c8bd2bbe7cf54cdeb46c7ba25df19d0294aed3a059789268","SITE"
"docs/assets/gameplay/nightSence.webp","media","317962","a3a34bef314fa49ff78d248a7ccc20c68beded0ccbd066d302d673df35a6aee6","SITE"
"docs/assets/gameplay/nightSence2.png","media","2907027","e15b8d78dcb947c78913746179d0d4715e5e6a6296e7a6b840814eb69b889a21","SITE"
"docs/assets/gameplay/nightSence2.webp","media","169132","7ad5a1fda646ae46ba74d5f8cb73666dabdc551bdd5aeee05908740acdc04bb2","SITE"
"docs/assets/gameplay/nightSkyline.png","media","3318598","aac07cd994068ab89957fd25557c4ef6cb743d45f8c3774bfb391d249b4d992d","SITE"
"docs/assets/gameplay/nightSkyline.webp","media","274602","5ffd2c00733ef605394000d871380371f1231e965fb595017807e76f5fd09a56","SITE"
"docs/assets/gameplay/rainyNight.png","media","3584540","f1d1d503c70c2c8bd52274e15bd366522cfeed16da1abe1275918c312c04e1b8","SITE"
"docs/assets/gameplay/rainyNight.webp","media","205292","80d838fc431a79a376b3e6d2132bcf53fcfb6baefe463d2c615298f7d0ee9cae","SITE"
"docs/assets/gameplay/sparklingWaterfront.png","media","3816226","ad2bf0e24c85a7df08fcdee0ce64e57f38021771c09d3f089a0294dd7b47e03d","SITE"
"docs/assets/gameplay/sparklingWaterfront.webp","media","253884","3615632fc2608c4098a41a2c39c651b15c3f7428354bea862276e67b6d390292","SITE"
"docs/assets/gameplay/sportAndAttraction.png","media","4405424","70ce0bf9f7b8d9412c4858cc2a96a6e255b22f56941d6acbd1078ab3064f7c36","SITE"
"docs/assets/gameplay/sportAndAttraction.webp","media","395420","a43631a6862b06be258b3c2a64655d81ce0398507022783225eb1cc1d1fd81b8","SITE"
"docs/assets/gameplay/waterfront.png","media","4303367","45242ccda0d4ecd5ce44671b5bf6fbd6a3f1208ad4df70a63d592be0b9e61103","SITE"
"docs/assets/gameplay/waterfront.webp","media","353840","18d9362e6968032789ec3ad172141a1e7a2168415f17c432e2da29b5839bf8bd","SITE"
"docs/assets/heungShingForum.png","media","3604557","6d48c619ee591ca9a3ffe0230501943785b10d1222cbd88cae9968724790227e","SITE"
"docs/assets/icon.png","media","2576600","017f51ad46dd2b7a1f9378eef6e04ff00098b19dd7b26435be7e893a20dbea94","SITE"
"docs/assets/nameYourDistrict.png","media","695584","609bcfa6ba653fe63f6987106f95b820f28c3cb090b5a0d485ee54167c093538","SITE"
"docs/assets/nameYourDistrict2.png","media","1453498","55a706add0131615dfaf9c520b3804e870bb3d1e812aabe244349d1836569ada","SITE"
"docs/assets/newCityBuildings.png","media","4273412","110c698897fe6d3eaa7c178db9f8bb9202f0f70a6e76181c1c7ac1bbe3b8bdf1","SITE"
"docs/assets/ourNewCouncilMembers.png","media","1015151","0ad7d269d7745ced86671e0b775f645fa6abc391350a975839226eab5a2132b2","SITE"
"docs/assets/stockMarket.png","media","1094452","10dd2b3ac87d08edc45974873cb693d12e40a40886ba81a721b291448e5fca63","SITE"
"docs/assets/traffic.png","media","2157476","db55f7c1e6e415561534e0a12b6b14da7cc85f8491ce77810bf8595fe38c2b84","SITE"
"docs/assets/typhoonSystem.png","media","103426","6d5507baf9a5b3a7f3d111d76957a266415f23c4b18ef0ecf5503559042cc053","SITE"
"docs/assets/weatherSystem.png","media","3011518","dab761b9bb4425110a36b0b8683c76a84fe397e5db98d47333b3cdc30e40b7eb","SITE"
"docs/content/annual-fortunes.json","data","31970","d4aea6b34d42e5e59772b55d79c88e6996e2abe4596e228198dd745e288efde3","TEXT"
"kenney_isometric-roads/png/beach.png","media","9534","a282d58dfd49293cb19f640802979750a4906d4bc2e9a62e2acc1d2019493f1b","KENNEY"
"kenney_isometric-roads/png/beachCornerES.png","media","8769","d20d38fefe8926765ccdb441ecb55126dd26cf7619d87899b8bf00ee70907f46","KENNEY"
"kenney_isometric-roads/png/beachCornerNE.png","media","8954","91c1cb510f4aafcc15259de6124660cfe46c785d86e57d9733c885ae49e92f2c","KENNEY"
"kenney_isometric-roads/png/beachCornerNW.png","media","8762","228ce0ba8ce883c69be9c640a3c7bde8c426dc9a5aed68a23d938daf0e93ae6a","KENNEY"
"kenney_isometric-roads/png/beachCornerSW.png","media","8730","d3528ba9d262b8566f9aa7017eac554e6e885cc3f2e1a36c7064ecb64c45f12c","KENNEY"
"kenney_isometric-roads/png/beachE.png","media","9541","5d36fad3f427603113955bc76da492d06981e81b741c58b8e9eb6a684acbd815","KENNEY"
"kenney_isometric-roads/png/beachES.png","media","10053","b4b5e85090b3f67cb199d61329782fcb9c00e0bd2322b883a93aafdcd5a3762e","KENNEY"
"kenney_isometric-roads/png/beachN.png","media","9456","04584c4ac01cd290f9177e6d49e103f2c1cbfc55f85bfd848b624abe7a811259","KENNEY"
"kenney_isometric-roads/png/beachNE.png","media","9261","4ceeeaf780dbdf7b07fdb182a2f7b9fd22259882dda4c2eb0a504de169463eae","KENNEY"
"kenney_isometric-roads/png/beachNW.png","media","10245","71bb55d4ffd4a70d2f10c751fa3d9f41aed65fdcdae1ecab94d8d2d547660b83","KENNEY"
"kenney_isometric-roads/png/beachS.png","media","8847","e755c48d82127c5f6375d46f2215822c3f451c79577095d197556beae5ea7007","KENNEY"
"kenney_isometric-roads/png/beachSW.png","media","10179","480253a81f6518ef5a30b4f1c327b9cd5173c54286217b56da84c91ba1040d26","KENNEY"
"kenney_isometric-roads/png/beachW.png","media","8868","c05ff1d106d6a6e94aca8f1bd6c71861fd4d9ff4fc6db0494a521e98f49e6c33","KENNEY"
"kenney_isometric-roads/png/bridgeEW_iso21_shoulders_top.png","media","9849","54dbd70379fd433a1b16cc677b364b1e55726c8602db471bf2b84aa6f45dcf46","KENNEY"
"kenney_isometric-roads/png/bridgeNS_iso21_shoulders_top.png","media","9797","e3a69ba241c9bf153d11a6f5254c57a0617cd86106605eba3e8d97c3fd3c1a62","KENNEY"
"kenney_isometric-roads/png/crossroad.png","media","11028","d1ba8bfd91cb2f643b14425f28cb15d4e9630d85b2382a9ed8f868eecb640941","KENNEY"
"kenney_isometric-roads/png/crossroadESW.png","media","10978","7c5b53270f6f64d3a72b3fbe3a5e3bf9233f172a9674ba924af8e47c541802fe","KENNEY"
"kenney_isometric-roads/png/crossroadNES.png","media","10964","5df5a8ef34cac9705bed13922d17772b78e1c7527b1ffdaaa72c10cb882bb692","KENNEY"
"kenney_isometric-roads/png/crossroadNEW.png","media","10966","2a0911d72997f7c1f51e59207238ff5722a1a6573932749146923579662f4543","KENNEY"
"kenney_isometric-roads/png/crossroadNSW.png","media","11097","1e070f3a1a3850fc45498ac657860af6c76555523c1680c46dd46f7479824f45","KENNEY"
"kenney_isometric-roads/png/dirtDouble.png","media","10145","2834d3a1c42518319da84eae03f82a0a3c81b670b4651b3b55d7827728fafc0c","KENNEY"
"kenney_isometric-roads/png/endE.png","media","10814","c91aae6d87bf91d482241dcb6366e3a8d1092017b5c4a5919072a76beb6b8276","KENNEY"
"kenney_isometric-roads/png/endN.png","media","10935","b39f88ee84661d19a3330c01fb3176d52c03128a7c2c6fec0b556053d641b3aa","KENNEY"
"kenney_isometric-roads/png/endS.png","media","10875","fe4b68b0da334ec5780544ecb1aef1f170f54bd641fd707cf122a2fc65461bd9","KENNEY"
"kenney_isometric-roads/png/endW.png","media","10889","44f881aafca9ade5750a340e4603a129a78e94cb208a38f31146756fc8224f5b","KENNEY"
"kenney_isometric-roads/png/grassWhole.png","media","10078","56dc1b3142135723db043e2a6fb469dc9fb9b86f19e72e0a6d97b787f6b280d7","KENNEY"
"kenney_isometric-roads/png/hillE.png","media","10883","dd853eff4f7210543f6bf5a6155ba3a002e0add1633f5193ef225e48a16429bc","KENNEY"
"kenney_isometric-roads/png/hillES.png","media","10937","a6a270befa47d71cd67c3763d5a4c690e8194a78c8da88dd9b5b5d8edac5cd9b","KENNEY"
"kenney_isometric-roads/png/hillN.png","media","10927","10d3bec66eeb2d45f5377458460ebda05e546b5b81f902a233c14377ef098751","KENNEY"
"kenney_isometric-roads/png/hillNE.png","media","10326","772b6ec3064cd0076036330aba24be75bff198dc725bf27d1fcbcc58057972ad","KENNEY"
"kenney_isometric-roads/png/hillNW.png","media","10905","f8ba61a918b21546cce928f71074abd4f93dc8f52f8398a74587a56fdce83a53","KENNEY"
"kenney_isometric-roads/png/hillS.png","media","12765","3808435df604cabd541daab5c550afffad54841913ab1853b9d2073a6c9c4066","KENNEY"
"kenney_isometric-roads/png/hillSW.png","media","12285","8854232ec9d3e7c3bee4a6ceeeaa1321bbf6af4d2bb9c98346b98a2a920933ce","KENNEY"
"kenney_isometric-roads/png/hillW.png","media","12629","25dfbc182d0d46330c3d269ca0f2130d6a3c6a40e2b45bb62c6e6183662c7b81","KENNEY"
"kenney_isometric-roads/png/road.png","media","10251","3d6e026f6bdad58e24367f39e479325231d58e7ed7f52a8e8352d5080c055811","KENNEY"
"kenney_isometric-roads/png/roadES.png","media","11111","46672b9c25de6aa207166429ce323d160f9d908fabbaf56ae18f3e573c74641c","KENNEY"
"kenney_isometric-roads/png/roadEW.png","media","10931","315f4c963e686d7a7cb3fed4b0b4aba36aa7e1859712de9a0d9c0a41161a02b8","KENNEY"
"kenney_isometric-roads/png/roadHill2E.png","media","11016","9810217ef9595bee3ca47230c758135e3b1ea8aeb3f8991eede7cf62112f17dd","KENNEY"
"kenney_isometric-roads/png/roadHill2N.png","media","11016","7e98006f1cc03773d2d0105062a33e4aa34dc96cc34f3a88ee74fb1f39d08e4c","KENNEY"
"kenney_isometric-roads/png/roadHill2S.png","media","12747","671aa0f7926127259c82d550452d2d86308c9109eee00275d93410721e185109","KENNEY"
"kenney_isometric-roads/png/roadHill2W.png","media","12825","b05d3c537392148311e3c7acaa6d2eb587f840b1759020db8ec5ac4a60f1ef51","KENNEY"
"kenney_isometric-roads/png/roadHillE.png","media","11463","12727bc71feae132832e08d01aa6e22177af34e5fb52e9871cb63711e441581f","KENNEY"
"kenney_isometric-roads/png/roadHillN.png","media","11534","c29598dc44a2ccbb7e512a97a8be4720000c830397564d6b72af65edc03e4ec8","KENNEY"
"kenney_isometric-roads/png/roadHillS.png","media","13554","92db1626fb99b09cabab910805a0a438d128b5cbcae06866b7f2615567d10803","KENNEY"
"kenney_isometric-roads/png/roadHillW.png","media","13621","0c2ec18fb1d1f86963f33aec0b67beaa7c8aee87cd422b0f146d860fa6eb7c22","KENNEY"
"kenney_isometric-roads/png/roadNE.png","media","10763","d7e36135be2735d7d4f2afc3e9bf7ccd00f09c6bc100514373017c1db701b6c5","KENNEY"
"kenney_isometric-roads/png/roadNS.png","media","11021","0db1d4a56506b65a1668893f3e5a21c5715efca931e9f123c6f557a66bac4779","KENNEY"
"kenney_isometric-roads/png/roadNW.png","media","11167","eaa90e8b5412d4611a0248576a6c420a24bc3c7c23c02dd95499210e13f66d93","KENNEY"
"kenney_isometric-roads/png/roadSW.png","media","10868","d3267b5b8bb666904b6b85e556b1ef15166b19259006954fdf24c67897723196","KENNEY"
"kenney_isometric-roads/png/water.png","media","8604","bbade3a8d89b401bcd071fbdafb96517d89d7120d4456abd84b5d694163a9cc1","KENNEY"
"kenney_isometric-roads/png/waterCornerES.png","media","8944","156c7cbde232bac65c50d4244d3c99a1a358e9998da29b77bb2a62abf6b1f8a8","KENNEY"
"kenney_isometric-roads/png/waterCornerNE.png","media","9212","32729d42966cc168c27535bf05c14e30c4bb8e059a4c6cc674b2869061e74b29","KENNEY"
"kenney_isometric-roads/png/waterCornerNW.png","media","8966","fc8c537c69e378226826f5e0209c74a84c42ac80623d5445bde0519ee4d2ab55","KENNEY"
"kenney_isometric-roads/png/waterCornerSW.png","media","8819","995e6aeb2f341cad76f072f63d00cf0e216b230f6692924b659fc79b42f313c0","KENNEY"
"kenney_isometric-roads/png/waterE.png","media","9872","4dd945a8db511af9ed1ae5ba26491920fb19a1da79590573210e6ead830bb4ca","KENNEY"
"kenney_isometric-roads/png/waterES.png","media","10151","b5db70f13248e5bc637c2787e2e445ffe7efbc13da9c68d14caae86948dc8a0a","KENNEY"
"kenney_isometric-roads/png/waterN.png","media","9946","0cf588bfc49d4b7de6dea5eabae2f7a126504ad3e7c1dabde0af7572e2ffa885","KENNEY"
"kenney_isometric-roads/png/waterNE.png","media","10425","a63a7bd031851e2f0ad872081ebc60b53d71de47790092d7452c298410ab14fb","KENNEY"
"kenney_isometric-roads/png/waterNW.png","media","10024","d5a8da60fc4c4e8c132f091c6eeff5a0a53e7c550706a3516574bb1cad868fda","KENNEY"
"kenney_isometric-roads/png/waterS.png","media","9154","41e63b95ef8245b2b01fbd404739c743dff41b35e8542c9c1d1fca0c875d40ad","KENNEY"
"kenney_isometric-roads/png/waterSW.png","media","9504","dd60a4cfa49f363e38b5d21aceee006419d1a89fe2e24431ac422eb194d4c97b","KENNEY"
"kenney_isometric-roads/png/waterW.png","media","9174","89280a29231902c97daa8f41fba52d041748cc4f04a07c038e01e905984a1814","KENNEY"
"newRoadTiles/bridgeEW_iso21_shoulders_top_fixed.png","media","4955","d73ea5854f86e9d1bdf0b05c45c0ed5c94f4c8c508acc6bd764b4c02ef10b537","ROAD"
"newRoadTiles/bridgeNS_iso21_shoulders_top_fixed.png","media","4768","84fc545d43cb53ac7501de964b33daee4a97a875dd400b6d292edb19bd8f7757","ROAD"
"newRoadTiles/crossRoad_fixed.png","media","8145","201a57143d0399856bd19ce2608994398d2846a6cc97217dd02350603eb9e8f0","ROAD"
"newRoadTiles/crossroadESW_fixed.png","media","13751","d61c3259c983c45c89c0c875b93587996700be181a1cba45187baad725b0c24b","ROAD"
"newRoadTiles/crossroadNES_fixed.png","media","12474","bc0c1ac1f61bc67516aebaaffa01484db3a8a2e311323369e72ab92c47e47559","ROAD"
"newRoadTiles/crossroadNEW_fixed.png","media","13079","91839ca9b45a2f0fe6d5eb8835aa15889a648d85656ab35cbe38c1632ac88a3b","ROAD"
"newRoadTiles/crossroadNSW_fixed.png","media","13419","3ba86bd4157e7e5fddc41dd48e47801170076efedffbe510f7bbd4866de62028","ROAD"
"newRoadTiles/endE_fixed.png","media","4339","9fda8e994d5c0c55eb8f5a560553dc7e735170d452813ddb226d0218f99acf12","ROAD"
"newRoadTiles/endN_fixed.png","media","4317","7fe984474bd5d85783d55561affe27cab3e4d1a70d4c4914667edb40cb0bd572","ROAD"
"newRoadTiles/endS_fixed.png","media","4633","80c0ca42155dc6853af967d2a18165399c727e5a4e5eedb82df8bbfe77a403b2","ROAD"
"newRoadTiles/endW_fixed.png","media","4554","0049ef2dc3abfcd44f03f49ad5d354d4d69fae5515fae23344535a318bd1fc60","ROAD"
"newRoadTiles/roadES_fixed.png","media","10864","405a317deead237a0253212111db29c2629c0d9b082b9f20d707bb9e5e3a5636","ROAD"
"newRoadTiles/roadEW_fixed.png","media","11862","2395216cec8ab6c06dd47c5ce5e9e4429fdd99bac49fab5cfcc1facc126d6f2c","ROAD"
"newRoadTiles/roadHill2E_fixed.png","media","11759","1881fcdbf46358aa1bee83356cf0e3c1d61495959cb85cb8339118561fac64db","ROAD"
"newRoadTiles/roadHill2N_fixed.png","media","11727","31af8bb2ab8d1ff52d7af9fc9fb8ed58245aa235af2d15ea1a003ca0dd733ce0","ROAD"
"newRoadTiles/roadHill2S_fixed.png","media","13556","78c6a9f6ae887f4dc9cfa044ea184f740171f67e8c2e8b84f853df8f7b50c6de","ROAD"
"newRoadTiles/roadHill2W_fixed.png","media","13658","6543cbcf0d3ec9e9322032e69f0a876c09f3422a9981c746c634e4d7884b3dc3","ROAD"
"newRoadTiles/roadHillE_fixed.png","media","11188","df440e0cac23a9a4489cfb99274a3a15f8cd202ca7c19fa8301a45b303481a75","ROAD"
"newRoadTiles/roadHillN_fixed.png","media","10986","68f1f1bc551f10b00c5e58d5eda1c9412f6580a4b9eb5641dc41ed3502234a57","ROAD"
"newRoadTiles/roadHillS_fixed.png","media","13971","60cd276c8fb6fa8eca4893d79eadf9bded4826afd32eaf228ec6f6495cbe4a9e","ROAD"
"newRoadTiles/roadHillW_fixed.png","media","14338","1d7c009c4f2beb430ef714b82014e7af266b4efc630bbfe1b887f09ca34f7850","ROAD"
"newRoadTiles/roadNE_fixed.png","media","10716","6e1a1397958099036ca1a24aacbe30e94fcdb9f3f49116fd2fd47aa0a47dae6b","ROAD"
"newRoadTiles/roadNS_fixed.png","media","11347","c10ac58317c8c1ec71d36d3d36e782fbd044dfe27fcb1ad27f5a0fc1f403fb1b","ROAD"
"newRoadTiles/roadNW_fixed.png","media","11383","ec199ffff8abc8a683f22dce1865d4ea3c4dc541926f9fd655edd6b6130cb53c","ROAD"
"newRoadTiles/roadSW_fixed.png","media","11530","b42c4c9948372b83e2c2dbff39dcd51667f0379b6e6de2c0418d1cc1a2b0612c","ROAD"
"newRoadTiles/road_fixed.png","media","3914","c23dbe9b0a9b1108dd4c9678d0e59092838b1fe93c2d0be611f959c48abb3bd4","ROAD"
"real-city-coastline-masks.js","data","70885","6282be1dc773570ec89d7edad292b363c4f64473ec7d5f8e89438b63fdb962dc","COAST"
